tf	gene	b_number	uniprot	refseq_protein	length	pfam	study_family	in_study_families	in_regulondb	regulondb_id	regulondb_confidence	symmetry	effectors	effector_sources	effector_class	is_metal_sensor	metal_ions	sensing_route	uniprot_cofactor	uniprot_binding_ligands	uniprot_function	n_interactions	n_sites_located	n_precise_operators	n_ht_binding_sites	n_regulon_genes	n_regulon_genes_strong	regulondb_pmids
AaeR	aaeR	b3243	P67662	NP_417710.1	309	PF00126;PF03466	LysR-type (LTTR)	yes	yes	RDBECOLITFC00203	W	INVERTED-REPEAT			unknown	no					Transcriptional regulator that activates expression of the aaeXAB operon, which is involved in the efflux of aromatic carboxylic acids such as p-hydroxybenzoic acid (pHBA) (PubMed:15489430, PubMed:34220787). In the presence of the effector pHBA, acts by binding to a single target within the aaeXAB-aaeR intergenic region (PubMed:34220787). In the absence of pHBA, binds more than 50 sites along the E.coli K12 genome, including genes related to biofilm formation and several genes involved in stress response, suggesting that it might play a role in quorum sensing in the absence of pHBA (PubMed:34220787). {ECO:0000269|PubMed:15489430, ECO:0000269|PubMed:34220787}.	1	0	0	0	3	0	10734204; 12011002; 15489430; 15556475
AbgR	abgR	b1339	P77744	NP_415855.1	302	PF00126;PF03466	LysR-type (LTTR)	yes	no						unknown	no					Could be the regulator of the abg operon.	0	0	0	0	0	0	
AccB	accB	b3255	P0ABD8	NP_417721.1	156	PF00364;PF30639		no	yes	RDBECOLITFC00147	W				unknown	no					This protein is a component of the acetyl coenzyme A carboxylase complex; first, biotin carboxylase catalyzes the carboxylation of the carrier protein and then the transcarboxylase transfers the carboxyl group to form malonyl-CoA. {ECO:0000269|PubMed:4934522}.	1	0	0	0	2	0	14594796; 10542197
AcrR	acrR	b0464	P0ACS9	NP_414997.1	215	PF08361;PF00440	TetR/AcrR	yes	yes	RDBECOLITFC00154	W	INVERTED-REPEAT	3,6-diaminoacridine; ethidium bromide; spermidine; cadaverine; putrescine; rhodamine 6G; ethidium	RegulonDB	organic	no		direct			Transcriptional regulator (PubMed:36416552). Represses the expression of target genes, including the efflux pump subunits AcrA and AcrB (PubMed:36416552). Binds directly to a 24 bp sequence motif similar to 5'-TACATACATTTGTGAATGTATGTA-3' in the promoter region of target genes, including efflux pump acrAB operon, glutamate-putrescine ligase puuA, spermidine efflux pump mdtUJI operon and the flagellum biosynthesis flhDC operon (PubMed:17644067, PubMed:36416552, PubMed:37787551). May play a role in detoxification or efflux of putrescine independently from the AcrAB-TolC pump (PubMed:36416552). Involved in modulating motility, thereby probably contributing to maintenance of homeostasis and adaptation to stress (PubMed:37787551). Involved in response to antibiotics (By similarity). {ECO:0000250|UniProtKB:A0A0H3GKK9, ECO:0000269|PubMed:17644067, ECO:0000269|PubMed:36416552, ECO:0000269|PubMed:37787551}.	11	11	5	0	15	8	18607081; 8821940; 17644067; 17950313; 36416552
Ada	ada	b2213	P06134	NP_416717.1	354	PF02805;PF01035;PF12833;PF02870		no	yes	RDBECOLITFC00201	S	INVERTED-REPEAT			unknown	no			Name=Zn(2+); Xref=ChEBI:CHEBI:29105; Note=Binds 1 zinc ion per subunit.;	DNA;Zn(2+)	Involved in the adaptive response to alkylation damage in DNA caused by alkylating agents. Repairs O6-methylguanine (O6-MeG) and O4-methylthymine (O4-MeT) in DNA. Repairs the methylated nucleobase in DNA by stoichiometrically transferring the methyl group to a cysteine residue in the enzyme (Cys-321). Also specifically repairs the Sp diastereomer of DNA methylphosphotriester lesions by the same mechanism, although the methyl transfer occurs onto a different cysteine residue (Cys-38). Cannot demethylate the other diastereomer, Rp-methylphosphotriester. This is a suicide reaction: the enzyme is irreversibly inactivated. {ECO:0000269|PubMed:2987862}.; The methylation of Ada by methylphosphotriesters in DNA leads to its activation as a transcriptional regulator that activates the transcription of its own gene, ada, and other alkylation resistance genes, alkA, alkB and aidB. {ECO:0000269|PubMed:2987862}.	8	8	8	0	4	4	11284682; 15305584; 15305585; 16452614; 1995192; 2002008; 2536670; 282622; 2982792; 2987251; 29941584; 3047400; 3141384; 3343221; 3526284; 3529081; 3889845; 7896807; 7937881; 8195077; 8676855; 8720133; 8752326; 8755711; 9383376; 9618477
AdiY	adiY	b4116	P33234	NP_418540.1	253	PF30441;PF12833		no	yes	RDBECOLITFC00048	W	INVERTED-REPEAT			unknown	no					Transcriptional regulator which functions as a direct pH sensor (PubMed:41432419). Under low pH, it activates the expression of genes that support cell survival under acid stress (PubMed:41432419). It induces the expression of adiA, which encodes the biodegradative arginine decarboxylase, and adiC, which encodes an arginine/agmatine antiporter (PubMed:41432419, PubMed:8704970). Acts by binding specifically and cooperatively to the adiA and adiC promoters under moderately acidic intracellular pH values (PubMed:41432419). {ECO:0000269|PubMed:41432419, ECO:0000269|PubMed:8704970}.	7	0	0	0	8	8	8704970
AgaR	agaR	b3131	P0ACK2	NP_417600.1	269	PF00455;PF08220		no	yes	RDBECOLITFC00197	W	DIRECT-REPEAT			unknown	no					Probable repressor for the aga operon for N-acetyl galactosamine transport and metabolism.	11	11	11	0	11	11	14731281
AidB	aidB	b4187	P33224	NP_418608.6	541	PF00441;PF02770;PF18158		no	yes	RDBECOLITFC00227	W				unknown	no			Name=FAD; Xref=ChEBI:CHEBI:57692;	FAD	Part of the adaptive DNA-repair response to alkylating agents. Could prevent alkylation damage by protecting DNA and destroying alkylating agents that have yet to reach their DNA target. Binds to double-stranded DNA with a preference for a DNA region that includes its own promoter. Shows weak isovaleryl-CoA dehydrogenase activity in vitro. {ECO:0000269|PubMed:16352838, ECO:0000269|PubMed:18829440, ECO:0000269|PubMed:7961409}.	2	2	2	0	1	1	15977811; 20889740
AlaS	alaS	b2697	P00957	NP_417177.1	876	PF02272;PF01411;PF07973		no	yes	RDBECOLITFC00016	S	INVERTED-REPEAT	L-alanine	RegulonDB	organic	no		direct	Name=Zn(2+); Xref=ChEBI:CHEBI:29105; Note=Binds 1 zinc ion per subunit; it is not clear where this binding occurs. {ECO:0000269|PubMed:1712632};	Zn(2+)	Catalyzes the attachment of L-alanine to tRNA(Ala) in a two-step reaction: L-alanine is first activated by ATP to form Ala-AMP and then transferred to the acceptor end of tRNA(Ala) (PubMed:28362257). AlaRS also incorrectly activates the sterically smaller amino acid glycine as well as the sterically larger amino acid L-serine; generates 2-fold more mischarged Gly than Ser (PubMed:28362257). These mischarged amino acids occur because the of inherent physicochemical limitations on discrimination between closely related amino acids (Ala, Gly and Ser) in the charging step (PubMed:28362257). In presence of high levels of lactate, also acts as a protein lactyltransferase that mediates lactylation of lysine residues in target proteins (PubMed:38653238, PubMed:39322678). {ECO:0000269|PubMed:28362257, ECO:0000269|PubMed:38653238, ECO:0000269|PubMed:39322678}.; Edits mischarged Ser-tRNA(Ala) and Gly-tRNA(Ala) but not incorrectly charged Ser-tRNA(Thr) (PubMed:12554667, PubMed:18723508). Dtd edits Gly-tRNA(Ala) 4-fold better than does AlaRS (PubMed:28362257). {ECO:0000269|PubMed:12554667, ECO:0000269|PubMed:18723508, ECO:0000269|PubMed:28362257}.; Attaches Ala to transfer-messenger RNA (tmRNA, also known as 10Sa RNA, the product of the ssrA gene). tmRNA plays a major role in rescue of stalled ribosomes via trans-translation. {ECO:0000269|PubMed:7524073}.	1	1	1	0	1	1	6264314
AllR	allR	b0506	P0ACN4	NP_415039.1	271	PF09339;PF01614		no	yes	RDBECOLITFC00175	W	INVERTED-REPEAT	allantoin; glyoxylate	RegulonDB	organic	no		direct		glyoxylate	Negative regulator of allantoin and glyoxylate utilization operons. Binds to the gcl promoter and to the allS-allA intergenic region. Binding to DNA is abolished by glyoxylate. {ECO:0000269|PubMed:10601204, ECO:0000269|PubMed:12460564, ECO:0000269|PubMed:16546208}.	3	3	3	0	9	9	12460564
AllS	allS	b0504	P0ACR0	NP_415037.1	308	PF00126;PF03466	LysR-type (LTTR)	yes	yes	RDBECOLITFC00162	W		allantoin	RegulonDB	organic	no		direct			Positive regulator essential for the expression of allD operon. Binds to the allD promoter. {ECO:0000269|PubMed:12460564}.	1	1	0	0	3	0	12460564
AlpA	alpA	b2624	P33997	NP_417113.1	70	PF05930		no	yes	RDBECOLITFC00135	W	INVERTED-REPEAT			unknown	no					Positive regulator of the expression of the slpA gene (PubMed:7511582). When overexpressed, leads to suppression of the capsule overproduction and UV sensitivity phenotypes of cells mutant for the Lon ATP-dependent protease (PubMed:7511582). Part of the cryptic P4-like prophage CP4-57 (PubMed:7511583). Overexpression of AlpA leads to excision of the CP4-57 prophage by IntA. This inactivates ssrA (the gene upstream of the prophage) that encodes tmRNA which is required to rescue stalled ribosomes in a process known as trans-translation (PubMed:7511583). {ECO:0000269|PubMed:7511582, ECO:0000269|PubMed:7511583}.	2	0	0	0	3	0	7511582
AlsR	alsR	b4089	P0ACS7	NP_418513.4	296	PF01418;PF01380		no	yes	RDBECOLITFC00051	W	INVERTED-REPEAT	D-allose	RegulonDB	organic	no		direct			Regulatory protein involved in rpiB gene repression. Also involved in als operon repression. {ECO:0000269|PubMed:9401019}.	3	0	0	0	6	0	8576032; 9401019; 10559180
AppY	appY	b0564	P05052	NP_415096.1	249	PF30437;PF12833		no	yes	RDBECOLITFC00084	W	INVERTED-REPEAT			unknown	no					Induces the synthesis of acid phosphatase (AppA) and several other polypeptides (such as AppBC) during the deceleration phase of growth. It also acts as a transcriptional repressor for one group of proteins that are synthesized preferentially in exponential growth and for one group synthesized only in the stationary phase. Also involved in the stabilization of the sigma stress factor RpoS during stress conditions. {ECO:0000269|PubMed:18383615}.	4	0	0	0	10	0	27718375; 2537825; 3295784; 8071219
AraC	araC	b0064	P0A9E0	NP_414606.1	292	PF02311;PF12833		no	yes	RDBECOLITFC00220	W	INVERTED-REPEAT	D-fucose	RegulonDB	organic	no		direct		alpha-L-arabinopyanose	Transcription factor that regulates the expression of several genes involved in the transport and metabolism of L-arabinose (PubMed:1447222, PubMed:2231717, PubMed:2962192, PubMed:328165, PubMed:4362626, PubMed:6251457, PubMed:6319708). Functions both as a positive and a negative regulator (PubMed:328165, PubMed:6251457). In the presence of arabinose, activates the expression of the araBAD, araE, araFGH and araJ promoters (PubMed:1447222, PubMed:2231717, PubMed:2962192, PubMed:328165, PubMed:4362626, PubMed:6251457, PubMed:6319708). In the absence of arabinose, negatively regulates the araBAD operon (PubMed:6251457). Represses its own transcription (PubMed:328165). Acts by binding directly to DNA (PubMed:1447222, PubMed:2531226, PubMed:2962192, PubMed:4943786, PubMed:6251457). {ECO:0000269|PubMed:1447222, ECO:0000269|PubMed:2231717, ECO:0000269|PubMed:2531226, ECO:0000269|PubMed:2962192, ECO:0000269|PubMed:328165, ECO:0000269|PubMed:4362626, ECO:0000269|PubMed:4943786, ECO:0000269|PubMed:6251457, ECO:0000269|PubMed:6319708}.	28	27	26	0	19	14	2231717; 7768852; 8510144; 8516313; 8980677; 12683999; 17173282
ArcA	arcA	b4401	P0A9Q1	NP_418818.1	238	PF00072;PF00486		no	yes	RDBECOLITFC00133	S		quinone redox state	curated	redox	no		two-component (ArcB)			Member of the two-component regulatory system ArcB/ArcA. Represses a wide variety of aerobic enzymes under anaerobic conditions. Controls the resistance of E.coli to dyes; required for expression of the alkaline phosphatase and sex factor F genes; it may also be involved in the osmoregulation of envelope proteins. When activated by ArcB, it negatively regulates the expression of genes of aerobic function. Activates the transcription of the plfB operon by binding to its promoter.	256	229	57	131	238	138	1512197; 16849788; 19715602; 2984198; 7855430; 7957084; 8226939
ArgP	argP	b2916	P0A8S1	NP_417391.1	297	PF00126;PF03466	LysR-type (LTTR)	yes	yes	RDBECOLITFC00017	S		L-lysine	RegulonDB	organic	no		direct			Controls the transcription of genes involved in arginine and lysine metabolism. Activates transcription of several genes, including argO, lysP, lysC, asd, dapB, dapD, lysA, gdhA and argK. Acts by binding directly to their promoter or control region (PubMed:10600368, PubMed:15150242, PubMed:17504942, PubMed:21441513, PubMed:21890697). ArgP dimer by itself is able to bind the argO promoter-operator region to form a binary complex, but the formation of a ternary complex with RNA polymerase is greatly stimulated only in presence of a coeffector. Both arginine and lysine are coeffectors at the argO promoter, but only arginine is competent to activate transcription. Lysine has repressive effects (PubMed:15150242, PubMed:17504942). ArgP also mediates lysine repression of dapB, and gdhA in vivo, but via an alternative mechanism: ArgP binding is directly reduced upon the addition of lysine (PubMed:21890697). Binds in vitro to the promoter region of dnaA and to the upstream region of the nrd promoter, but these genes are probably not regulated by ArgP in vivo (PubMed:21890697, PubMed:9254708, PubMed:9819053). In vitro, also binds to the three 13-mers located in the origin region (oriC) and blocks the initiation of replication (PubMed:1733927). {ECO:0000269|PubMed:10600368, ECO:0000269|PubMed:15150242, ECO:0000269|PubMed:1733927, ECO:0000269|PubMed:17504942, ECO:0000269|PubMed:21441513, ECO:0000269|PubMed:21890697, ECO:0000269|PubMed:9254708, ECO:0000269|PubMed:9819053}.	23	19	17	0	15	14	2034653; 8825783; 9819053; 17504942; 18502871
ArgR	argR	b3237	P0A6D0	NP_417704.1	156	PF01316;PF02863		no	yes	RDBECOLITFC00009	S				unknown	no					Negatively controls the expression of the four operons of arginine biosynthesis in addition to the carAB operon. Predominantly interacts with A/T residues in ARG boxes. It also binds to a specific site in cer locus. Thus it is essential for cer-mediated site-specific recombination in ColE1. It is necessary for monomerization of the plasmid ColE1.	68	68	39	29	64	64	4555419; 3116542; 3149585; 7997172; 11580241; 1640456; 1640457; 17850814; 8594204
ArsR	arsR	b3501	P37309	NP_417958.1	117	PF01022	ArsR/SmtB	yes	yes	RDBECOLITFC00205	S		antimonite; As(III)	RegulonDB	metal	yes	As(III);antimonite	direct			Transcriptional repressor for the arsEFG operon. ArsE is a trans-acting regulatory protein which controls its own expression. The repressive effect of ArsE is alleviated by oxyions of +III oxidation state of arsenic, antimony, and bismuth, as well as arsenate (As(V)) (By similarity). {ECO:0000250}.	1	1	1	0	3	3	12829264; 8051064; 8576202; 8764681; 8621591
AscG	ascG	b2714	P24242	NP_417194.2	336	PF00356;PF13377		no	yes	RDBECOLITFC00102	S	ASYMMETRIC|;|INVERTED-REPEAT			unknown	no					Repressor of the asc operon. The cryptic operon is activated by the insertion of IS186 into the ascG gene.	9	9	9	0	5	5	1630307; 19633077
AsnC	asnC	b3743	P0ACI6	NP_418199.1	152	PF01037;PF13412		no	yes	RDBECOLITFC00100	W	INVERTED-REPEAT	L-asparagine	RegulonDB	organic	no		direct			Activator of asnA transcription; autogenous regulator of its own transcription; and repressor of the expression of gidA at a post-transcriptional level. {ECO:0000269|PubMed:2836709, ECO:0000269|PubMed:2864330, ECO:0000269|PubMed:3909107}.	8	8	0	0	4	0	6357950; 7686882; 16528101; 2864330
AtoC	atoC	b2220	Q06065	NP_416724.1	461	PF25601;PF02954;PF00072;PF00158		no	yes	RDBECOLITFC00174	W				unknown	no				ATP	Member of the two-component regulatory system AtoS/AtoC. In the presence of acetoacetate, AtoS/AtoC stimulates the expression of the atoDAEB operon, leading to short chain fatty acid catabolism and activation of the poly-(R)-3-hydroxybutyrate (cPHB) biosynthetic pathway. Also induces the operon in response to spermidine (PubMed:16153782, PubMed:16564134, PubMed:17475408, PubMed:2883171). Involved in the regulation of motility and chemotaxis, via transcriptional induction of the flagellar regulon (PubMed:22083893). AtoC acts by binding directly to the promoter region of the target genes (PubMed:17616594). In addition to its role as a transcriptional regulator, functions as a post-translational regulator that inhibits polyamine biosynthesis via regulation of ornithine decarboxylase (ODC) (PubMed:8346225). {ECO:0000269|PubMed:16153782, ECO:0000269|PubMed:16564134, ECO:0000269|PubMed:17475408, ECO:0000269|PubMed:17616594, ECO:0000269|PubMed:22083893, ECO:0000269|PubMed:2883171, ECO:0000269|PubMed:8346225}.	2	2	2	0	4	4	2883171; 8346225
BaeR	baeR	b2079	P69228	NP_416583.1	240	PF00072;PF00486		no	yes	RDBECOLITFC00111	W	INVERTED-REPEAT			unknown	no					Member of the two-component regulatory system BaeS/BaeR which responds to envelope stress (PubMed:12354228). Activates expression of periplasmic chaperone spy in response to spheroplast formation, indole and P pili protein PapG overexpression (PubMed:12354228). Activates the mdtABCD (PubMed:12107133, PubMed:12107134) and probably the CRISPR-Cas casABCDE-ygbT-ygbF operon (PubMed:21255106). {ECO:0000269|PubMed:12107133, ECO:0000269|PubMed:12107134, ECO:0000269|PubMed:12354228, ECO:0000269|PubMed:21255106}.	5	4	4	0	9	8	12107134; 32094588
BasR	basR	b4113	P30843	NP_418537.1	222	PF00072;PF00486		no	yes	RDBECOLITFC00138	W	INVERTED-REPEAT			unknown	no					Member of the two-component regulatory system BasS/BasR. BasR induces the transcription of the ugd, ais, arnBCADTEF and eptA-basRS loci, all involved in resistance to polymyxin (By similarity). {ECO:0000250}.	14	12	11	0	26	21	
BdcR	bdcR	b4251	P39334	NP_418672.4	197	PF00440	TetR/AcrR	yes	no						unknown	no					Negatively regulates expression of bdcA. {ECO:0000269|PubMed:21059164}.	0	0	0	0	0	0	
BetI	betI	b0313	P17446	NP_414847.3	195	PF13977;PF00440	TetR/AcrR	yes	yes	RDBECOLITFC00209	S	INVERTED-REPEAT	choline	RegulonDB	organic	no		direct			Repressor involved in the biosynthesis of the osmoprotectant glycine betaine. It represses transcription of the choline transporter BetT and the genes of BetAB involved in the synthesis of glycine betaine. {ECO:0000269|PubMed:8626294, ECO:0000269|PubMed:8626295}.	2	2	2	0	4	4	1956285; 8626295
BirA	birA	b3973	P06709	NP_418404.1	321	PF02237;PF03099;PF08279		no	yes	RDBECOLITFC00091	W		biotinyl-5'-adenylate	RegulonDB	organic	no		direct		biotin	Acts both as a biotin--[acetyl-CoA-carboxylase] ligase and a biotin-operon repressor. In the presence of ATP, BirA activates biotin to form the BirA-biotinyl-5'-adenylate (BirA-bio-5'-AMP or holoBirA) complex. HoloBirA can either transfer the biotinyl moiety to the biotin carboxyl carrier protein (BCCP) subunit of acetyl-CoA carboxylase, or bind to the biotin operator site and inhibit transcription of the operon. {ECO:0000255|HAMAP-Rule:MF_00978, ECO:0000269|PubMed:12527300, ECO:0000269|PubMed:2667763, ECO:0000269|PubMed:6129246, ECO:0000269|PubMed:8003500}.	2	2	2	0	5	5	3536662
BluR	bluR	b1162	P75989	NP_415680.1	243	PF13411;PF22267;PF22270	MerR	yes	yes	RDBECOLITFC00072	W	INVERTED-REPEAT			unknown	no					Controls the expression of several small proteins that may play a role in biofilm maturation. Binds to and represses the operator of the ycgZ-ymgA-ariR-ymgC operon and also regulates ynaK. Binding is antagonized by BluF upon blue light (470 nm) irradiation. Blue light may increase the affinity of BluF for BluR, allowing it to be released from its operator. {ECO:0000269|PubMed:19240136, ECO:0000269|PubMed:22783906}.	2	2	2	0	4	4	15556475; 19240136
BolA	bolA	b0435	P0ABE2	NP_414969.4	105	PF01722		no	yes	RDBECOLITFC00192	W	INVERTED-REPEAT			unknown	no					Transcriptional regulator that plays an important role in general stress response. Has many effects on cell morphology, cell growth and cell division. Acts by regulating the transcription of many genes, including dacA (PBP-5), dacC (PBP-6), ampC and mreB. Probably involved in the coordination of genes that adapt the cell physiology in order to enhance cell adaptation and survival under stress conditions. Essential for normal cell morphology in stationary phase and under conditions of starvation (PubMed:10361282, PubMed:12354237, PubMed:19111750, PubMed:21464593, PubMed:25691594). Also regulates a complex network of genes encoding proteins related to biofilm development, and negatively modulates flagellar biosynthesis and swimming capacity. Could be a motile/adhesive transcriptional switch, specifically involved in the transition between the planktonic and the attachment stage of biofilm formation (PubMed:25691594). Overexpression produces round cell shape, impairs cell growth rate and induces biofilm development (PubMed:15345459, PubMed:21464593, PubMed:305364). {ECO:0000269|PubMed:10361282, ECO:0000269|PubMed:12354237, ECO:0000269|PubMed:15345459, ECO:0000269|PubMed:19111750, ECO:0000269|PubMed:21464593, ECO:0000269|PubMed:25691594, ECO:0000269|PubMed:305364}.	8	1	1	0	11	3	32535996
BtsR	btsR	b2125	P0AFT5	NP_416629.4	239	PF04397;PF00072		no	yes	RDBECOLITFC00177	S				unknown	no					Member of the two-component regulatory system BtsS/BtsR, which is part of a nutrient-sensing regulatory network composed of BtsS/BtsR, the low-affinity pyruvate signaling system YpdA/YpdB and their respective target proteins, BtsT and YhjX. Responds to depletion of nutrients, specifically serine, and the concomitant presence of extracellular pyruvate. BtsR regulates expression of btsT by binding to its promoter region. Activation of the BtsS/BtsR signaling cascade also suppresses YpdA/YpdB-mediated yhjX induction. {ECO:0000269|PubMed:15522865, ECO:0000269|PubMed:22685278, ECO:0000269|PubMed:24659770, ECO:0000269|PubMed:28469239}.	17	17	1	16	15	15	22685278; 31834370
CadC	cadC	b4133	P23890	NP_418557.1	512	PF29986;PF18500;PF00486		no	yes	RDBECOLITFC00063	W	INVERTED-REPEAT			unknown	no					Regulates the lysine- and pH-dependent expression of the lysine decarboxylase CadA and the cadaverine-lysine antiporter CadB (PubMed:1370290, PubMed:16491024, PubMed:18086202, PubMed:21216950). At low external pH, and in the presence of external lysine, CadC activates transcription of the cadBA operon by binding directly to two sites, Cad1 and Cad2, within the cadBA promoter region (Pcad) (PubMed:16491024, PubMed:28432336). Preferentially binds to AT-rich regions within the Cad1 promoter (PubMed:28432336). {ECO:0000269|PubMed:1370290, ECO:0000269|PubMed:16491024, ECO:0000269|PubMed:18086202, ECO:0000269|PubMed:21216950, ECO:0000269|PubMed:28432336}.	3	2	2	0	3	2	1370290; 18086202; 7830562
CaiF	caiF	b0034	P0AE58	NP_414576.4	131	PF07180		no	yes	RDBECOLITFC00031	None		L-carnitine	RegulonDB	organic	no		direct			Potential transcriptional activator of carnitine metabolism.	8	8	8	0	10	10	
Cbl	cbl	b1987	Q47083	NP_416492.1	316	PF00126;PF03466	LysR-type (LTTR)	yes	yes	RDBECOLITFC00149	S	INVERTED-REPEAT	thiosulfate; adenosine 5'-phosphosulfate	RegulonDB	organic	no		direct			May be an accessory regulatory protein within the cys regulon.	2	2	2	0	9	9	17010379; 11918818
CdaR	cdaR	b0162	P37047	NP_414704.4	385	PF05651;PF17853;PF13556		no	yes	RDBECOLITFC00229	S	INVERTED-REPEAT			unknown	no					Seems to regulate the expression of the operons for the enzymes involved in D-galactarate, D-glucarate and D-glycerate utilization.	4	0	0	0	10	0	10762278; 14645248
CecR	cecR	b0796	P0ACU0	NP_415317.4	223	PF09209;PF00440	TetR/AcrR	yes	yes	RDBECOLITFC00181	W	INVERTED-REPEAT			unknown	no					Regulates transcription of the cecR-ybhGFSR operon and the rhlE gene, which altogether are involved in the control of sensitivity to cefoperazone and chloramphenicol. Represses the cecR-ybhGFSR operon and activates the rhlE operon. Acts by binding to a palindromic sequence within the intergenic spacer located between these two divergently transcribed operons. {ECO:0000269|PubMed:27112147}.	2	2	2	0	6	6	10734204; 15556475; 27112147; 30137486; 30578262
ChbR	chbR	b1735	P17410	NP_416249.1	280	PF07883;PF12833		no	yes	RDBECOLITFC00065	W	ASYMMETRIC			unknown	no					Dual-function repressor/activator of the chbBCARFG operon. In the absence of the inducing sugar chitobiose, together with NagC, represses the chbBCARFG operon for the uptake and metabolism of chitobiose. In association with Crp, and probably in the presence of chitobiose 6-phosphate, induces the transcription of the chbBCARFG operon. {ECO:0000269|PubMed:18028317}.	4	4	4	0	6	6	15066032; 2179047; 22797760
CitR	citR	b0603	P77746	NP_415136.1	300	PF00126;PF03466	LysR-type (LTTR)	yes	yes	RDBECOLITFC00234	W	INVERTED-REPEAT			unknown	no						1	1	0	1	3	3	15556475; 26789284
ComR	comR	b1111	P75952	NP_415629.4	210	PF16925;PF00440	TetR/AcrR	yes	yes	RDBECOLITFC00008	S	INVERTED-REPEAT	Cu+	RegulonDB	metal	yes	Cu+	direct			Represses expression of BhsA/ComC by binding to its promoter region in the absence of copper. {ECO:0000269|PubMed:22089859}.	1	0	0	0	1	1	15556475; 22089859
CpxR	cpxR	b3912	P0AE88	NP_418348.1	232	PF00072;PF00486		no	yes	RDBECOLITFC00043	W				unknown	no					Response regulator member of the two-component regulatory system CpxA/CpxR which responds to envelope stress response by activating expression of downstream genes including cpxP, degP, dsbA and ppiA (PubMed:7883164, PubMed:9401031). Required for efficient binding of stationary phase cells to hydrophobic surfaces, part of the process of biofilm formation (PubMed:11830644). Induced upon cell surface binding, subsequently induces genes it controls (cpxP, dsbA and spy, degP is only partially induced) (PubMed:11830644). Binds and activates transcription from the degP promoter (PubMed:7883164); binding is enhanced by phosphorylation (PubMed:9401031). This system combats a variety of extracytoplasmic protein-mediated toxicities by increasing the transcription of the periplasmic protease, DegP in concert with sigma factor E (PubMed:7883164), as well as that of CpxP protein. Other downstream effectors may include SrkA (PubMed:23416055). {ECO:0000269|PubMed:11830644, ECO:0000269|PubMed:23416055, ECO:0000269|PubMed:7883164, ECO:0000269|PubMed:9401031}.	163	155	77	3	130	51	15686558; 16077119; 16487683; 7883164; 8294007; 9159398; 1482126; 2157156; 7699720; 8098993
Cra	cra	b0080	P0ACP1	NP_414622.1	334	PF00356;PF00532		no	yes	RDBECOLITFC00092	S	INVERTED-REPEAT	β-D-fructofuranose 1-phosphate	RegulonDB	organic	no		direct			Global transcriptional regulator, which plays an important role in the regulation of carbon metabolism. Activates transcription of genes encoding biosynthetic and oxidative enzymes (involved in Krebs cycle, glyoxylate shunt and gluconeogenesis, such as ppsA and fbp). Represses genes involved in sugar catabolism, such as fruB, pfkA, pykF and adhE. Binds asymmetrically to the two half-sites of its operator. {ECO:0000269|PubMed:16115199, ECO:0000269|PubMed:8195118, ECO:0000269|PubMed:8230205, ECO:0000269|PubMed:8550429, ECO:0000269|PubMed:8577250, ECO:0000269|PubMed:8858581, ECO:0000269|PubMed:9084760, ECO:0000269|PubMed:9371462}.	100	78	47	27	133	74	8195118; 8230205; 8858581; 9237914; 1630901; 1851954; 2198273; 9371462; 8577250; 9084760
CreB	creB	b4398	P08368	NP_418815.1	229	PF00072;PF00486		no	yes	RDBECOLITFC00210	W				unknown	no					Member of the two-component regulatory system CreC/CreB involved in catabolic regulation.	8	3	1	0	16	1	11350954; 18375564
CRP	crp	b3357	P0ACJ8	NP_417816.1	210	PF00027;PF13545		no	yes	RDBECOLITFC00086	W	INVERTED-REPEAT	cyclic-AMP	RegulonDB	organic	no		direct		3',5'-cyclic AMP	A global transcription regulator, which plays a major role in carbon catabolite repression (CCR) as well as other processes. Binds cyclic AMP (cAMP) which allosterically activates DNA binding (to consensus sequence 5'-AAATGTGATCTAGATCACATTT-3') to directly regulate the transcription of about 300 genes in about 200 operons and indirectly regulate the expression of about half the genome. There are 3 classes of CRP promoters; class I promoters have a single CRP-binding site upstream of the RNA polymerase (RNAP)-binding site, whereas in class II promoters the single CRP- and RNAP-binding site overlap, CRP making multiple contacts with RNAP. Class III promoters require multiple activator molecules, including at least one CRP dimer. CRP can act as an activator, repressor, coactivator or corepressor. Induces a severe bend in DNA (about 87 degrees), bringing upstream promoter elements into contact with RNAP. Acts as a negative regulator of its own synthesis as well as for adenylate cyclase (cyaA), which generates cAMP. High levels of active CRP are detrimental to growth (PubMed:16260780). In CCR it prevents expression of genes involved in catabolism of nonpreferred carbon sources when glucose is present. CCR involves cAMP, adenylate cyclase (cyaA), CRP and the EIIA-Glc component of the PTS (crr). In the presence of glucose, EIIA-Glc is dephosphorylated, and does not activate adenylate cyclase, leading to reduced cAMP and thus decreased CRP activity. When glucose is absent cAMP binds to CRP, up-regulating expression of genes involved in the consumption of non-glucose carbon sources. Also plays a role in many other processes (see PubMed:22573269). {ECO:0000269|PubMed:10860739, ECO:0000269|PubMed:10860740, ECO:0000269|PubMed:14990258, ECO:0000269|PubMed:15520470, ECO:0000269|PubMed:16260780, ECO:0000269|PubMed:16301522, ECO:0000269|PubMed:1646077, ECO:0000269|PubMed:2982847, ECO:0000269|PubMed:7966284, ECO:0000269|PubMed:8392187, ECO:0000269|PubMed:8978616}.; Among the targets of CRP is the spf gene which encodes the dual-function sRNA Spot 42; spf expression is repressed by CRP (PubMed:2454912). Spot 42 base pairs with and represses expression from a number of mRNAs encoding proteins involved in the uptake and catabolism of nonpreferred carbon sources. CRP and Spot 42 coregulate at least 14 operons involved in cellular metabolism, forming a coherent feedforward loop (PubMed:21292161). Interaction with SpfP, encoded within the Spot 42 RNA, reinforces this feedforward loop (PubMed:35239441). {ECO:0000269|PubMed:21292161, ECO:0000269|PubMed:2454912, ECO:0000269|PubMed:35239441}.; Some mutants (called CRP* or CAP*) are constitutively active even in the absence of cAMP (PubMed:19439203). Strain DHKD, a CAP* mutant, confers cAMP-independent expression and relief of catabolite repression of beta-galactosidase and tryptophanase synthesis (PubMed:14990258). Strain CA8404, another CAP* mutant, confers cAMP-independent expression and relief of catabolite repression of beta-galactosidase but not of tryptophanase synthesis (PubMed:14990258). {ECO:0000269|PubMed:14990258, ECO:0000303|PubMed:19439203}.	456	438	264	0	587	351	10564497; 10852886; 11742992; 14638413; 15150239; 15520470; 15659676; 19439203; 35648826; 8735277
CRP-Sxy	sxy;crp	b0959;b3357						no	yes	RDBECOLITFC00096	W				unknown	no						1	1	0	0	1	0	31543875
CsgD	csgD	b1040	P52106	NP_415558.1	216	PF00196		no	yes	RDBECOLITFC00240	W	ASYMMETRIC			unknown	no					The master regulator for adhesive curli fimbriae expression; necessary for transcription of the csgBAC/ymdA operon. Plays a positive role in biofilm formation. May have the capability to respond to starvation and/or high cell density by activating csgBA transcription. Low-level constitutive expression confers an adherent curli fimbriae-expressing phenotype, up-regulates 10 genes and down-regulates 14 others. {ECO:0000269|PubMed:16513732}.	37	36	35	0	28	26	
CspA	cspA	b3556	P0A9X9	NP_418012.1	70	PF00313		no	yes	RDBECOLITFC00040	W	ASYMMETRIC			unknown	no					Binds to and stimulates the transcription of the CCAAT-containing, cold-shock-inducible promoters of the H-NS and GyrA proteins. Also binds to the inverted repeat 5'-ATTGG-3'. {ECO:0000269|PubMed:1961761}.	4	3	0	0	2	1	19486664; 1961761; 28334975; 32753505; 3553157; 8995247
CsqR	csqR	b3884	P32144	NP_418320.2	261	PF00455;PF08220		no	yes	RDBECOLITFC00237	S	INVERTED-REPEAT	6-sulfo-D-quinovose	RegulonDB	organic	no		direct			Involved in the regulation of the sulfoquinovose operon (PubMed:24463506, PubMed:30372406). Represses the expression of the yihUTS operon and of the yihV and csqR genes. Binds DNA inside the spacer between the bidirectional transcription units comprising the yihUTS operon and the yihV gene, and upstream the csqR gene itself (PubMed:30372406). {ECO:0000269|PubMed:30372406, ECO:0000305|PubMed:24463506}.	3	2	2	0	5	5	10734204; 15556475; 29453395; 30372406
CueR	cueR	b0487	P0A9G4	NP_415020.1	135	PF13411	MerR	yes	yes	RDBECOLITFC00170	S		Cu+	RegulonDB	metal	yes	Cu+	direct		Cu(+)	Regulates the transcription of the copA and cueO genes. It detects cytoplasmic copper stress and activates transcription in response to increasing copper concentrations. {ECO:0000269|PubMed:10915804, ECO:0000269|PubMed:11167016, ECO:0000269|PubMed:11399769}.	5	3	2	0	9	4	10915804; 12958362; 14518983
CusR	cusR	b0571	P0ACZ8	NP_415103.1	227	PF00072;PF00486		no	yes	RDBECOLITFC00108	S		Cu+; Ag+	curated	metal	yes	Ag+;Cu+	two-component (CusS)			Member of the two-component regulatory system CusS/CusR involved in response to copper and silver. Activates the expression of cusCFBA, hiuH and plasmid pRJ1004 gene pcoE in response to increasing levels of copper or silver ions. Can also increase the basal-level expression of copper resistance gene operon pcoABCD. {ECO:0000269|PubMed:11004187, ECO:0000269|PubMed:11283292, ECO:0000269|PubMed:11399769, ECO:0000269|PubMed:25568260, ECO:0000269|PubMed:27983483}.	4	4	3	0	14	9	11004187; 15522865; 15773991; 30530842
CynR	cynR	b0338	P27111	NP_414872.3	299	PF00126;PF03466	LysR-type (LTTR)	yes	yes	RDBECOLITFC00169	W	INVERTED-REPEAT	cyanate	RegulonDB	organic	no		direct			Positively regulates the cynTSX operon, and negatively regulates its own transcription. Binds specifically to the cynR-cynTSX intergenic region. {ECO:0000269|PubMed:1592818}.	4	4	4	0	4	4	1592818; 7961413; 8253686
CysB	cysB	b1275	P0A9F3	NP_415791.1	324	PF00126;PF03466	LysR-type (LTTR)	yes	yes	RDBECOLITFC00038	W				unknown	no					This protein is a positive regulator of gene expression for the cysteine regulon, a system of 10 or more loci involved in the biosynthesis of L-cysteine from inorganic sulfate. The inducer for CysB is N-acetylserine. CysB inhibits its own transcription.	20	17	7	0	33	17	1435253; 1541275; 2182030; 3032952; 3094306; 27718375; 14663078; 15255893; 6792186; 9401024
CytR	cytR	b3934	P0ACN7	NP_418369.1	341	PF00356;PF13377		no	yes	RDBECOLITFC00012	S	INVERTED-REPEAT	cytidine	RegulonDB	organic	no		direct			Transcriptional regulator that negatively regulates several transcription units (the CytR regulon) (PubMed:1649947, PubMed:1715855, PubMed:2575702, PubMed:827549, PubMed:8596434, PubMed:8626289, PubMed:9215632). Although CytR is a sequence-specific DNA-binding protein, it binds to its operators with only modest affinity and cannot act on its own in vivo; it requires the cyclic AMP/cyclic AMP receptor protein complex (cAMP/CRP) for effective DNA binding (PubMed:1649947, PubMed:1715855, PubMed:2575702, PubMed:8596434, PubMed:8626289). CytR and cAMP-CRP bind cooperatively to the promoter region of the target genes, which results in transcription repression (PubMed:1649947, PubMed:1715855, PubMed:8596434, PubMed:8626289). CytR therefore acts as an anti-activator, and antagonizes cAMP/CRP activation by binding between two DNA-bound cAMP-CRP complexes (PubMed:1649947, PubMed:1715855, PubMed:2575702, PubMed:8596434). This repression complex can negatively regulate the expression of the deoCABD operon, which encodes nucleotide and deoxy ribonucleotide catabolizing enzymes, by binding to the deoP2 promoter (PubMed:1649947). It also negatively regulates cdd, which encodes a cytidine deaminase, nupc and nupG, two nucleoside permeases, tsx, a nucleoside-specific channel and udp, an uridine phosphorylase (PubMed:1715855, PubMed:2575702, PubMed:827549, PubMed:8596434, PubMed:8626289). {ECO:0000269|PubMed:1649947, ECO:0000269|PubMed:1715855, ECO:0000269|PubMed:2575702, ECO:0000269|PubMed:827549, ECO:0000269|PubMed:8596434, ECO:0000269|PubMed:8626289, ECO:0000269|PubMed:9215632}.	32	31	29	0	14	11	1328649; 1655726; 3515317
Dan	ttdR	b3060	P45463	NP_417532.1	310	PF00126;PF03466	LysR-type (LTTR)	yes	yes	RDBECOLITFC00143	S		L-tartrate	RegulonDB	organic	no		direct			Positive regulator required for L-tartrate-dependent anaerobic growth on glycerol. Induces expression of the ttdA-ttdB-ygjE operon. {ECO:0000269|PubMed:16804186}.	6	5	5	0	4	4	19661178; 20156994
DcuR	dcuR	b4124	P0AD01	NP_418548.1	239	PF00072		no	yes	RDBECOLITFC00124	S				unknown	no					Member of the two-component regulatory system DcuR/DcuS. Involved in the C4-dicarboxylate-stimulated regulation of the genes encoding the anaerobic fumarate respiratory system (frdABCD; nuoAN; dcuB; dcuC; sdhCDAB; etc.). Weakly regulates the aerobic C4-dicarboxylate transporter dctA.	11	11	7	0	13	9	15073297; 9765574; 9973351
DecR	decR	b0447	P0ACJ5	NP_414981.4	152	PF01037;PF13412		no	yes	RDBECOLITFC00062	W	INVERTED-REPEAT			unknown	no					Plays a role in L-cysteine detoxification. Binds to the dlsT(yhaO)-yhaM operon promoter in the presence but not absence of L-cysteine; activates transcription from the dlsT(yhaO)-yhaM operon. No other DNA target was identified in strain K12 / BW25113. Thiosulfate does not activate its transcription function. Overexpression doubles hydrogen sulfide production in the presence of cysteine. {ECO:0000269|Ref.1}.	1	0	0	0	2	2	10734204; 10850996; 15556475; 27435271; 30137486
DeoR	deoR	b0840	P0ACK5	NP_415361.1	252	PF00455;PF08220		no	yes	RDBECOLITFC00058	W	INVERTED-REPEAT			unknown	no					This protein is one of the repressors that regulate the expression of deoCABD genes, which encode nucleotide and deoxy ribonucleotide catabolizing enzymes. It also negatively regulates the expression of nupG (a transport protein) and tsx (a pore-forming protein). The inducer is deoxyribose-5-phosphate.	8	7	6	0	6	4	2653814; 2994018
DgoR	dgoR	b4479	P31460		229	PF07729;PF00392	GntR	yes	yes	RDBECOLITFC00123	W	INVERTED-REPEAT	D-galactonate	RegulonDB	organic	no		direct		Zn(2+)	Involved in the regulation of D-galactonate metabolism (PubMed:211976, PubMed:30455279). Represses the expression of the dgoRKADT operon by binding to two closely spaced inverted repeats in the cis-acting element, which overlap with the D-galactonate responsive dgo promoter (PubMed:30455279). Employs a derepression mechanism using D-galactonate as a specific effector molecule (PubMed:30455279, PubMed:33068046, PubMed:33224125). {ECO:0000269|PubMed:211976, ECO:0000269|PubMed:30455279, ECO:0000269|PubMed:33068046, ECO:0000269|PubMed:33224125}.	2	2	2	0	5	5	11756427; 15556475; 29728462; 30455279; 33068046
DhaR	dhaR	b1201	P76016	NP_415719.2	639	PF25601;PF01590;PF02954;PF00989;PF00158		no	yes	RDBECOLITFC00148	W	INVERTED-REPEAT			unknown	no				ATP	Positively regulates the dhaKLM operon from a sigma-70 promoter. Represses its own expression. {ECO:0000269|PubMed:15616579, ECO:0000269|PubMed:24440518}.	2	0	0	0	4	0	15616579
DicA	dicA	b1570	P06966	NP_416088.1	135	PF30424;PF01381		no	yes	RDBECOLITFC00172	S	INVERTED-REPEAT			unknown	no					This protein is a repressor of division inhibition gene dicB.	3	2	2	0	9	4	23028867; 3041373; 3053647
DicD	dicD	b4135	P0ACU7	NP_418558.2	191			no	yes	RDBECOLITFC00098	None	INVERTED-REPEAT			unknown	no						3	0	0	0	3	0	19459971
DinJ-YafQ	yafQ;dinJ	b0225;b0226						no	yes	RDBECOLITFC00036	W	INVERTED-REPEAT			unknown	no						2	2	2	0	3	3	17263853; 19210620
DksA	dksA	b0145	P0ABS1	NP_414687.1	151	PF21157;PF01258		no	yes	RDBECOLITFC00087	W	INVERTED-REPEAT	ppGpp	RegulonDB	organic	no		direct		Zn(2+)	Transcription factor that acts by binding directly to the RNA polymerase (RNAP). Required for negative regulation of rRNA expression and positive regulation of several amino acid biosynthesis promoters. Also required for regulation of fis expression. Binding to RNAP disrupts interaction of RNAP with DNA, inhibits formation of initiation complexes, and amplifies effects of ppGpp and the initiating NTP on rRNA transcription. Inhibits transcript elongation, exonucleolytic RNA cleavage and pyrophosphorolysis, and increases intrinsic termination. Also involved, with RecN, in repair of DNA double-strand breaks. Required, probably upstream of the two-component system BarA-UvrY, for expression of CsrA-antagonistic small RNAs CsrB and CsrC (PubMed:21488981). {ECO:0000255|HAMAP-Rule:MF_00926, ECO:0000269|PubMed:15294156, ECO:0000269|PubMed:15294157, ECO:0000269|PubMed:15948952, ECO:0000269|PubMed:16885445, ECO:0000269|PubMed:21488981, ECO:0000269|PubMed:22210857}.	57	0	0	0	162	4	12142416; 35667439; 39983623
DmlR	dmlR	b1799	P76250	NP_416313.4	307	PF00126;PF03466	LysR-type (LTTR)	yes	no						unknown	no					Transcriptional regulator required for the aerobic growth on D-malate as the sole carbon source. Induces the expression of dmlA in response to D-malate or L- or meso-tartrate. Negatively regulates its own expression. {ECO:0000269|PubMed:17088549, ECO:0000269|PubMed:20233924}.	0	0	0	0	0	0	
DnaA	dnaA	b3702	P03004	NP_418157.1	467	PF00308;PF08299;PF11638		no	yes	RDBECOLITFC00152	S		ATP; ADP	RegulonDB	organic	no		direct		ATP	Plays an essential in the initiation and regulation of chromosomal replication. Binds in an ATP-dependent fashion to the origin of replication (oriC) to initiate formation of the DNA replication initiation complex once per cell cycle (PubMed:3036372). Binds the DnaA box (consensus sequence 5'-TTATC[CA]A[CA]A-3') and separates the double-stranded (ds)DNA (PubMed:3036372, PubMed:18216012). Forms a right-handed helical filament on oriC DNA; dsDNA binds to the exterior of the filament while single-stranded (ss)DNA is stabiized in the filament's interior (By similarity). The ATP-DnaA-oriC complex binds and stabilizes the upper strand of the AT-rich DNA unwinding element (DUE) (PubMed:18216012). Mutagenesis of residues that line the central pore blocks dsDNA strand separation (PubMed:18216012). Subsequent binding of DNA polymerase III subunits leads to replisome formation (PubMed:3036372, PubMed:18216012). The DnaA-ATP form converts to DnaA-ADP; once converted to ADP the protein cannot initiate replication, ensuring only 1 round of replication per cell cycle (PubMed:3036372). Binds ATP, ADP and dATP equally well, hydrolyzes ATP with a half-life of about 15 minutes, ATP hydrolysis is not required for pre-priming replisome formation, nucleotide exchange is very slow (PubMed:3036372). Binds acidic phospholipids (PubMed:9478970, PubMed:26272946). DnaA inhibits its own gene expression (PubMed:2981626) as well as that of other genes including dam, rpoH (PubMed:2540187), ftsA and mioC. {ECO:0000250|UniProtKB:O66659, ECO:0000269|PubMed:18216012, ECO:0000269|PubMed:2540187, ECO:0000269|PubMed:26272946, ECO:0000269|PubMed:2981626, ECO:0000269|PubMed:3036372, ECO:0000269|PubMed:9478970}.; Also required for replication of some plasmid DNA; binds 4 DnaA boxes in the minimal plasmid RK2 replication origin (oriV). {ECO:0000269|PubMed:15878847, ECO:0000269|PubMed:9242693}.	32	32	26	1	18	16	11160809; 20487274; 2540187; 8825783; 10581238
DpiA	dpiA	b0620	P0AEF4	NP_415153.1	226	PF20714;PF00072		no	yes	RDBECOLITFC00103	S	INVERTED-REPEAT			unknown	no					Member of the two-component regulatory system DpiA/DpiB, which is essential for expression of citrate-specific fermentation genes and genes involved in plasmid inheritance. Could be involved in response to both the presence of citrate and external redox conditions. Regulates the transcription of citCDEFXGT, dpiAB, mdh and exuT. Binds specifically to the dpiB-citC intergenic region. {ECO:0000269|PubMed:18997424, ECO:0000269|PubMed:19202292}.	14	9	9	0	11	10	18997424
DsdC	dsdC	b2364	P46068	NP_416865.1	311	PF00126;PF03466	LysR-type (LTTR)	yes	yes	RDBECOLITFC00243	W	INVERTED-REPEAT	D-serine	RegulonDB	organic	no		direct			Regulates the expression of the dsdX-dsdA operon. {ECO:0000269|PubMed:7592420}.	3	0	0	0	1	0	3275618
EbgR	ebgR	b3075	P06846	NP_417546.1	327	PF00356;PF13377		no	yes	RDBECOLITFC00145	W	INVERTED-REPEAT			unknown	no					Repressor for beta galactosidase alpha and beta subunits (ebgA and ebgC). Binds lactose as an inducer.	1	0	0	0	2	0	
EnvR	envR	b3264	P0ACT2	NP_417730.1	220	PF08361;PF00440	TetR/AcrR	yes	yes	RDBECOLITFC00117	W	INVERTED-REPEAT			unknown	no					Potential regulator protein for the acrEF/envCD genes.	1	1	1	0	2	2	18567659; 7592375; 8196548
EnvY	envY	b0566	P10805	NP_415098.1	253	PF30441;PF12833		no	yes	RDBECOLITFC00242	W	INVERTED-REPEAT			unknown	no					Influences the temperature-dependent expression of several E.coli envelope proteins, most notably the porins OmpF and OmpC and the lambda receptor, LamB.	3	0	0	0	2	0	2536924
EvgA	evgA	b2369	P0ACZ4	NP_416870.1	204	PF00196;PF00072		no	yes	RDBECOLITFC00029	W				unknown	no					Member of the two-component regulatory system EvgS/EvgA (PubMed:10825546, PubMed:10923791, PubMed:9535079). The EvgS/EvgA system is involved in regulating the expression of glutamate-dependent acid resistance genes, acting in concert with transcription factors YdeO and GadE (PubMed:12694615, PubMed:15489450, PubMed:17998538). Regulates the expression of emrKY and safA-ydeO operons, gadE, yfdX and probably ydeP (PubMed:10923791, PubMed:11157960, PubMed:12694615, PubMed:15489450, PubMed:17998538). Binds directly to an 18 bp consensus sequence similar to 5'-AGCCTACACCTGTAAGAA-3' in the promoter region of safA/b1500 and other target genes, including its own operon, evgAS (PubMed:12694615, PubMed:15489450, PubMed:17998538). Also may control expression of multi-drug transporter mdtEF and other multi-drug efflux systems (PubMed:11157960, PubMed:11914367). Overexpression can confer resistance to antibiotics such as beta-lactams, probably as a result of up-regulation of multi-drug efflux systems (PubMed:12951338). {ECO:0000269|PubMed:10825546, ECO:0000269|PubMed:10923791, ECO:0000269|PubMed:11157960, ECO:0000269|PubMed:11914367, ECO:0000269|PubMed:12694615, ECO:0000269|PubMed:12951338, ECO:0000269|PubMed:15489450, ECO:0000269|PubMed:17998538, ECO:0000269|PubMed:9535079}.	11	10	9	0	21	20	10923791; 11157960; 11914367; 12135487; 12399493; 12670992; 14523115; 15126461; 15489450
ExuR	exuR	b3094	P0ACL2	NP_417565.2	258	PF07729;PF00392	GntR	yes	yes	RDBECOLITFC00115	W	INVERTED-REPEAT	α-D-galacturonate; α-D-glucuronate	RegulonDB	organic	no		direct			Repressor for the exu regulon that encode genes involved in hexuronate utilization. It regulates the ExuT, UxaCA and UxuRAB operons. Binds D-tagaturonate and D-fructuronate as inducers.	14	14	4	0	10	3	6357945
FabR	fabR	b3963	P0ACU5	NP_418398.3	234	PF21943;PF00440	TetR/AcrR	yes	yes	RDBECOLITFC00007	W	INVERTED-REPEAT			unknown	no					Binds the promoter region of at least fabA and fabB, but probably not yqfA (PubMed:11160901, PubMed:19854834, PubMed:21276098). Represses the transcription of fabA and fabB, involved in unsaturated fatty acid (UFA) biosynthesis (PubMed:11859088). By controlling UFA production, FabR directly influences the physical properties of the membrane bilayer. {ECO:0000269|PubMed:11160901, ECO:0000269|PubMed:11859088, ECO:0000269|PubMed:19854834, ECO:0000269|PubMed:21276098}.	2	2	2	0	2	2	11160901; 11859088
FadR	fadR	b1187	P0A8V6	NP_415705.1	239	PF07840;PF00392	GntR	yes	yes	RDBECOLITFC00076	S	INVERTED-REPEAT	an acyl-CoA	RegulonDB	organic	no		direct		CoA	Multifunctional regulator of fatty acid metabolism (PubMed:11859088, PubMed:1569108, PubMed:19854834, PubMed:21276098, PubMed:8446033, PubMed:9388199). Represses transcription of at least eight genes required for fatty acid transport and beta-oxidation including fadA, fadB, fadD, fadL and fadE (PubMed:9388199). Activates transcription of at least three genes required for unsaturated fatty acid biosynthesis: fabA, fabB and iclR, the gene encoding the transcriptional regulator of the aceBAK operon encoding the glyoxylate shunt enzymes (PubMed:9388199). {ECO:0000269|PubMed:11859088, ECO:0000269|PubMed:1569108, ECO:0000269|PubMed:19854834, ECO:0000269|PubMed:21276098, ECO:0000269|PubMed:7836365, ECO:0000269|PubMed:8446033, ECO:0000269|PubMed:9388199}.	20	20	17	0	23	19	11566998; 1569108; 9767562; 2843809; 8446033; 10592242
FeaR	feaR	b1384	Q47129	NP_415902.1	301	PF14525;PF12833		no	yes	RDBECOLITFC00021	W	INVERTED-REPEAT			unknown	no					Positive regulator of tynA/maoA and feaB/padA, the genes for 2-phenylethylamine catabolism.	4	4	4	0	2	2	8631685; 9043126
FhlA	fhlA	b2731	P19323	NP_417211.1	692	PF25601;PF01590;PF00158		no	yes	RDBECOLITFC00066	S	INVERTED-REPEAT	formate	RegulonDB	organic	no		direct		ATP	Required for induction of expression of the formate dehydrogenase H and hydrogenase-3 structural genes. Also activates expression of hyf operon (encodes the silent hydrogenase-4 gene cluster) (PubMed:12426353). {ECO:0000269|PubMed:12426353}.	8	7	6	0	30	18	8034727
FimZ	fimZ	b0535	P0AEL8	NP_415068.1	210	PF00196;PF00072		no	yes	RDBECOLITFC00165	W	INVERTED-REPEAT			unknown	no					Response regulator that has two active forms, I and II, which are involved in cell surface extension and regulation of pili biosynthesis (PubMed:36057789). The active form I is required for constant cell elongation, possibly by stimulating the ATP synthesis activity of F-type ATPases (PubMed:36057789). The active form II activates expression of the sfmACDHF operon, which is involved in fimbriae formation, by binding directly to the sfmA promoter (PubMed:36057789). {ECO:0000269|PubMed:36057789}.	4	1	0	1	5	0	12618449; 17222132; 36057789
Fis	fis	b3261	P0A6R3	NP_417727.1	98	PF27465;PF02954		no	yes	RDBECOLITFC00190	W	INVERTED-REPEAT			unknown	no					Activates ribosomal RNA transcription, as well other genes. Plays a direct role in upstream activation of rRNA promoters. Binds to a recombinational enhancer sequence that is required to stimulate hin-mediated DNA inversion. Prevents initiation of DNA replication from oriC. Binds to hundreds of transcriptionally active and inactive AT-rich sites, approximately half its binding sites are in non-coding DNA, which only accounts for about 10% of the genome (PubMed:16963779). {ECO:0000269|PubMed:16963779, ECO:0000269|PubMed:2209559, ECO:0000269|PubMed:8836178}.	327	316	206	32	249	146	1547773; 27718375; 7545153; 1484481
FlhDC	flhD;flhC	b1892;b1891						no	yes	RDBECOLITFC00218	W	INVERTED-REPEAT			unknown	no						36	21	6	15	93	41	12144778; 7961507
FliZ	fliZ	b1921	P52627	NP_416431.2	183	PF29625;PF02899		no	yes	RDBECOLITFC00178	W	INVERTED-REPEAT			unknown	no					During the post-exponential growth phase transiently interferes with RpoS (sigma S) activity without affecting expression of RpoS itself. It is probably not an anti-sigma factor as its overexpression is detrimental in rapidly growing cells where there is almost no sigma S factor. There is a strong overlap between Crl-activated genes and FliZ-down-regulated genes. FliZ acts as a timing device for expression of the genes for the adhesive curli fimbriae by indirectly decreasing expression of the curli regulator CsgD. {ECO:0000269|PubMed:18765794}.	18	7	7	0	22	19	18765794
FNR	fnr	b1334	P0A9E5	NP_415850.1	250	PF00027;PF13545		no	yes	RDBECOLITFC00160	S	INVERTED-REPEAT	O2 ([4Fe-4S] cluster)	curated	redox	no		direct ([4Fe-4S] disassembly)	Name=[4Fe-4S] cluster; Xref=ChEBI:CHEBI:49883; Note=Binds 1 [4Fe-4S] cluster per subunit.;	[4Fe-4S] cluster	Global transcription factor that controls the expression of over 100 target genes in response to anoxia. It facilitates the adaptation to anaerobic growth conditions by regulating the expression of gene products that are involved in anaerobic energy metabolism. When the terminal electron acceptor, O(2), is no longer available, it represses the synthesis of enzymes involved in aerobic respiration and increases the synthesis of enzymes required for anaerobic respiration.	204	152	59	55	327	151	11771123; 17293415; 2677602; 8119409; 11407111; 11931557; 1854188; 1957353; 2181237; 2248796; 6292868; 7747934; 796407; 8412675; 8588737; 8871401; 9230919; 9282732; 9990723
FrlR	frlR	b3375	P45544	NP_417834.6	243	PF00392;PF07702	GntR	yes	yes	RDBECOLITFC00112	W		N6-(1-deoxy-6-O-phospho-D-fructos-1-yl)-L-lysine	RegulonDB	organic	no		direct			May regulate the transcription of the frlABCDR operon, involved in the utilization of fructoselysine and psicoselysine. {ECO:0000305|PubMed:12147680}.	1	1	1	0	5	5	10734204; 15556475; 32979851
FrmR	frmR	b0357	P0AAP3	NP_414891.4	91	PF02583	CsoR/FrmR	yes	yes	RDBECOLITFC00027	S		formaldehyde	RegulonDB	organic	no		direct			Formaldehyde sensor (PubMed:27934966). In the absence of formaldehyde, mediates repression of the frmRAB operon (PubMed:15466022, PubMed:27934966). Acts by binding directly to the frmRAB promoter region (PubMed:27934966). In the presence of formaldehyde, it dissociates from the frmRAB promoter region and allows expression of the formaldehyde detoxification system encoded by frmA and frmB (PubMed:27934966). It senses the toxic chemical formaldehyde directly, with no metal-dependence (PubMed:27934966). {ECO:0000269|PubMed:15466022, ECO:0000269|PubMed:27934966}.	1	1	1	0	3	3	15466022; 27983483
FucR	fucR	b2805	P0ACK8	NP_417285.1	243	PF00455;PF08220		no	yes	RDBECOLITFC00167	W		L-fuculose 1-phosphate	RegulonDB	organic	no		direct			Transcriptional activator of the fuc operon.	3	2	2	0	7	2	3005235; 8955387
Fur	fur	b0683	P0A9A9	NP_415209.1	148	PF01475	Fur	yes	yes	RDBECOLITFC00129	W	INVERTED-REPEAT	Fe2+	RegulonDB	metal	yes	Fe2+	direct		Fe cation;Zn(2+)	Acts as a global negative controlling element, employing Fe(2+) as a cofactor to bind the operator of the repressed genes. Regulates the expression of several outer-membrane proteins including the iron transport operon. {ECO:0000269|PubMed:2823881}.	287	217	80	128	282	175	7026976; None; 1868094; 2015825; 2823881; 2993806; 37100285
GadE	gadE	b3512	P63204	NP_417969.1	175	PF30453;PF00196		no	yes	RDBECOLITFC00128	S	ASYMMETRIC			unknown	no					Regulates the expression of several genes involved in acid resistance. Required for the expression of gadA and gadBC, among others, regardless of media or growth conditions. Binds directly to the 20 bp GAD box found in the control regions of both loci. {ECO:0000269|PubMed:12940989, ECO:0000269|PubMed:14702398}.	24	15	11	4	34	19	12399493; 12426343; 12657056; 12694615; 12704134; 12940989; 14702398; 30578262; 32094588
GadRcs	rcsB;gadE	b2217;b3512						no	yes	RDBECOLITFC00164	S	ASYMMETRIC			unknown	no						7	2	2	0	9	9	20189963
GadW	gadW	b3515	P63201	NP_417972.1	242	PF30437;PF12833		no	yes	RDBECOLITFC00032	W	ASYMMETRIC			unknown	no					Depending on the conditions (growth phase and medium), acts as a positive or negative regulator of gadA and gadBC. Repression occurs directly or via the repression of the expression of gadX. Activation occurs directly by the binding of GadW to the gadA and gadBC promoters. {ECO:0000269|PubMed:12446650, ECO:0000269|PubMed:12730179, ECO:0000269|PubMed:14617649}.	53	52	40	0	15	4	12446650
GadX	gadX	b3516	P37639	NP_417973.1	274	PF30441;PF12833		no	yes	RDBECOLITFC00094	W	ASYMMETRIC			unknown	no					Positively regulates the expression of about fifteen genes involved in acid resistance such as gadA, gadB and gadC. Depending on the conditions (growth phase and medium), can repress gadW. {ECO:0000269|PubMed:11298273, ECO:0000269|PubMed:11976288, ECO:0000269|PubMed:12446650, ECO:0000269|PubMed:12730179, ECO:0000269|PubMed:14617649, ECO:0000269|PubMed:14702398}.	76	67	45	14	34	21	11976288; 12446650
GalR	galR	b2837	P03024	NP_417314.1	343	PF00356;PF13377		no	yes	RDBECOLITFC00064	S	INVERTED-REPEAT	D-galactose	RegulonDB	organic	no		direct			Repressor of the galactose operon. Binds galactose as an inducer.	18	18	14	0	10	6	12169637; 15533432; 15807530; 17630975; 9218807; 9325090; 6283521; 6350601; 7934815; 8188660; 8416900; 8982002
GalS	galS	b2151	P25748	NP_416656.1	346	PF00356;PF13377		no	yes	RDBECOLITFC00114	S	INVERTED-REPEAT	D-galactose	RegulonDB	organic	no		direct			Repressor of the mgl operon. Binds galactose and D-fucose as inducers. GalS binds to an operator DNA sequence within its own coding sequence (corresponding to residues 15 to 20).	18	18	13	0	10	5	1619663; 1900742; 8416900; 8982002; 7934815; 8619994
GatR	gatR	b4498	P36930		112	PF08220		no	yes	RDBECOLITFC00196	None	INVERTED-REPEAT			unknown	no					Repressor of the gat operon for galacticol transport and metabolism. In K12 strains the operon is constitutively expressed because this gene is inactive (PubMed:7772602). {ECO:0000305|PubMed:7772602}.	1	0	0	0	6	0	1661252; 7772602
GcvA	gcvA	b2808	P0A9F6	NP_417288.1	305	PF00126;PF03466	LysR-type (LTTR)	yes	yes	RDBECOLITFC00213	S	INVERTED-REPEAT	glycine	RegulonDB	organic	no		direct			Regulatory protein for the glycine cleavage system operon (gcv). Mediates activation of gcv by glycine and repression by purines. GcvA is negatively autoregulated. Binds to three sites upstream of the gcv promoter.	10	10	10	0	5	5	27718375; 7665470; 8188587; 8375392; 11495998; 12101307
GlaR	glaR	b2664	P37338	NP_417150.4	220	PF07729;PF00392	GntR	yes	yes	RDBECOLITFC00079	S	INVERTED-REPEAT	glutarate	RegulonDB	organic	no		direct			Negatively regulates the expression of the glaH-lhgD-gabDTP operon in a temporal manner during entry into stationary phase or during the first few hours of carbon starvation (PubMed:14731280, PubMed:30498244). Thereby is involved in the regulation of a L-lysine degradation pathway that proceeds via cadaverine, glutarate and L-2-hydroxyglutarate (PubMed:30498244). Binds to two primary and two secondary sites in the promoter region of the glaH operon with the consensus sequences TTGTN5TTTT and ATGTN5TTTT of the primary sites, each separated by six nucleotides (PubMed:30498244). {ECO:0000269|PubMed:14731280, ECO:0000269|PubMed:30498244}.	117	116	2	114	120	119	12446648; 2188954; 24037; 28061857; 30498244
GlcC	glcC	b2980	P0ACL5	NP_417454.1	254	PF07729;PF00392	GntR	yes	yes	RDBECOLITFC00018	W	INVERTED-REPEAT	glycolate	RegulonDB	organic	no		direct			Transcriptional activator of the glcDEFGB operon which is associated with glycolate utilization, and encodes malate synthase G and the genes needed for glycolate oxidase activity (PubMed:8606183, PubMed:9880556). Also negatively regulates the transcription of its own gene (PubMed:9880556). Glycolate acts as an effector, but GlcC can also use acetate as an alternative effector (PubMed:9880556). {ECO:0000269|PubMed:8606183, ECO:0000269|PubMed:9880556}.	2	2	2	0	7	7	8606183; 9880556
GlpR	glpR	b3423	P0ACL0		252	PF00455;PF08220		no	yes	RDBECOLITFC00090	S	INVERTED-REPEAT	glycerol; sn-glycerol 3-phosphate	RegulonDB	organic	no		direct			Repressor of the glycerol-3-phosphate regulon.	23	23	23	0	9	9	3316209; 8955387; 1556120; 825019
GlrR	glrR	b2554	P0AFU4	NP_417049.1	444	PF25601;PF00072;PF00158		no	yes	RDBECOLITFC00083	W				unknown	no				ATP	Member of the two-component regulatory system GlrR/GlrK that up-regulates transcription of the glmY sRNA when cells enter the stationary growth phase. Regulates glmY transcription by binding to three conserved sites in the purL-glmY intergenic region. {ECO:0000269|PubMed:19843219}.	9	9	9	0	6	6	
GntR	gntR	b3438	P0ACP5		331	PF00356;PF00532		no	yes	RDBECOLITFC00235	W	INVERTED-REPEAT	D-gluconate	RegulonDB	organic	no		direct			Negative regulator for the gluconate utilization system GNT-I, the gntUKR operon.	17	17	10	0	12	5	4574690; 8655507; 9135111
GutM	gutM	b2706	P15081	NP_417186.1	119	PF06923		no	yes	RDBECOLITFC00200	W	INVERTED-REPEAT			unknown	no					Positive regulator for glucitol operon expression.	1	0	0	0	7	0	3062173
H-NS	hns	b1237	P0ACF8	NP_415753.1	137	PF00816;PF22470		no	yes	RDBECOLITFC00050	W	INVERTED-REPEAT	2-C-methyl-D-erythritol-2,4-cyclodiphosphate	RegulonDB	organic	no		direct			A DNA-binding protein implicated in transcriptional repression (silencing) (PubMed:16963779, PubMed:17046956, PubMed:2128918, PubMed:23543115, PubMed:333393, PubMed:8890170, PubMed:8913298, PubMed:9398522). Also involved in bacterial chromosome organization and compaction (PubMed:10982869, PubMed:21903814, PubMed:6379600). H-NS binds tightly to AT-rich dsDNA and inhibits transcription (PubMed:16963779, PubMed:17435766, PubMed:17881364, PubMed:23543115, PubMed:2512122). Binds upstream and downstream of initiating RNA polymerase, trapping it in a loop and preventing transcription (PubMed:11714691). Binds to hundreds of sites, approximately half its binding sites are in non-coding DNA, which only accounts for about 10% of the genome (PubMed:16963779, PubMed:17046956, PubMed:23543115). Many of these loci were horizontally transferred (HTG); this offers the selective advantage of silencing foreign DNA while keeping it in the genome in case of need (PubMed:17046956, PubMed:17881364, PubMed:26789284). Suppresses transcription at many intragenic sites as well as transcription of spurious, non-coding RNAs genome-wide (PubMed:24449106). Repression of HTG by H-NS is thought to allow their DNA to evolve faster than non-H-NS-bound regions, and facilitates integration of HTG into transcriptional regulatory networks (PubMed:26789284). A subset of H-NS/StpA-regulated genes also require Hha (and/or Cnu, ydgT) for repression; Hha and Cnu increase the number of genes DNA bound by H-NS/StpA and may also modulate the oligomerization of the H-NS/StpA-complex (PubMed:23543115). The protein forms 2 clusters in the nucleoid which gather hns-bound loci together, bridging non-contiguous DNA, and causes DNA substantial condensation (PubMed:21903814). Binds DNA better at low temperatures than at 37 degrees Celsius; AT-rich sites nucleate H-NS binding, further DNA-binding is cooperative and this cooperativity decreases with rising temperature (PubMed:17435766, PubMed:17881364). Transcriptional repression can be inhibited by dominant-negative mutants of StpA or itself (PubMed:8755860). May affect transcriptional elongation (PubMed:25638302). Can increase translational efficiency of mRNA with suboptimal Shine-Dalgarno sequences (PubMed:20595230). Plays a role in the thermal control of pili and adhesive curli fimbriae production, by inducing transcription of csgD (PubMed:17010156). Plays a role in flagellar function (PubMed:11031114). Represses the CRISPR-cas promoters, permits only weak transcription of the crRNA precursor; its repression is antagonized by LeuO (PubMed:20132443, PubMed:20659289). Binds preferentially to the upstream region of its own gene recognizing two segments of DNA on both sides of a bend centered around -150 (PubMed:7934818). Overexpression suppresses secY24, a temperature-sensitive mutation (PubMed:1537791). Has also been reported to activate transcription of some genes (PubMed:2128918, PubMed:338303, PubMed:4566454). {ECO:0000269|PubMed:10982869, ECO:0000269|PubMed:11031114, ECO:0000269|PubMed:11714691, ECO:0000269|PubMed:1537791, ECO:0000269|PubMed:16963779, ECO:0000269|PubMed:17010156, ECO:0000269|PubMed:17046956, ECO:0000269|PubMed:17435766, ECO:0000269|PubMed:17881364, ECO:0000269|PubMed:20132443, ECO:0000269|PubMed:20595230, ECO:0000269|PubMed:20659289, ECO:0000269|PubMed:2128918, ECO:0000269|PubMed:21903814, ECO:0000269|PubMed:23543115, ECO:0000269|PubMed:24449106, ECO:0000269|PubMed:2512122, ECO:0000269|PubMed:26789284, ECO:0000269|PubMed:333393, ECO:0000269|PubMed:338303, ECO:0000269|PubMed:4566454, ECO:0000269|PubMed:6379600, ECO:0000269|PubMed:7934818, ECO:0000269|PubMed:8755860, ECO:0000269|PubMed:8890170, ECO:0000269|PubMed:8913298, ECO:0000269|PubMed:9398522, ECO:0000305|PubMed:25638302}.	191	74	72	0	239	112	11278074; 15100692; 15795232; 15853876; 16384714; 16879983; 16980475; 17116239; 17553830; 17827501; 17881364; 8890170; 9513262; 9987132; 1537791; 1691451; 2020545; 2126011; 2177526; 2841565; 3135462; 6370250; 7748941; 7934818; 8437561; 39572562
HcaR	hcaR	b2537	Q47141	NP_417032.1	296	PF00126;PF03466	LysR-type (LTTR)	yes	yes	RDBECOLITFC00037	W	INVERTED-REPEAT	3-phenylpropanoate	RegulonDB	organic	no		direct			Transcriptional activator of the hca operon for 3-phenylpropionic acid catabolism.	2	2	2	0	7	7	15808934; 9603882; 11200225
HdfR	hdfR	b4480	P0A8R9		279	PF00126;PF03466	LysR-type (LTTR)	yes	yes	RDBECOLITFC00077	W	INVERTED-REPEAT			unknown	no					Negatively regulates the transcription of the flagellar master operon flhDC by binding to the upstream region of the operon. {ECO:0000269|PubMed:10913108}.	4	0	0	0	6	5	10913108; 21034467; 28484043
HicB	hicB	b1438	P67697	NP_415955.2	138	PF15970;PF01381		no	yes	RDBECOLITFC00059	W	INVERTED-REPEAT			unknown	no					Antitoxin component of a type II toxin-antitoxin (TA) system. Functions as an mRNA interferase antitoxin; overexpression prevents HicA-mediated cessation of cell growth and inhibition of cell proliferation. {ECO:0000269|PubMed:19060138}.	1	1	1	0	2	2	15556475; 17172327; 19060138
HigA	higA	b3082	P67701	NP_417553.1	138	PF29431;PF01381		no	yes	RDBECOLITFC00158	S				unknown	no					Antitoxin component of a type II toxin-antitoxin (TA) system. Functions as an mRNA interferase antitoxin; overexpression prevents HigB-mediated cessation of cell growth and inhibition of cell proliferation. {ECO:0000269|PubMed:19943910}.	1	1	1	0	2	2	19943910; 27601326
HigBA	higA;higB	b3082;b3083						no	yes	RDBECOLITFC00217	W	INVERTED-REPEAT			unknown	no						2	2	2	0	2	2	19943910; 27601326
HipAB	hipB;hipA	b1508;b1507						no	yes	RDBECOLITFC00068	W	INVERTED-REPEAT			unknown	no						5	5	5	0	5	5	24089363; 8021189
HipB	hipB	b1508	P23873	NP_416025.1	88	PF01381		no	yes	RDBECOLITFC00071	W	INVERTED-REPEAT			unknown	no					Antitoxin component of a type II toxin-antitoxin (TA) system. Neutralizes the toxic effect of cognate toxin HipA (PubMed:20616060). Also neutralizes the toxic effect of non-cognate toxin YjjJ (PubMed:28430938). Binds to operator sites with the consensus sequence 5-'TATCCN(8)GGATA-3' to repress the hipBA operon promoter (PubMed:8021189, PubMed:19150849); binding of HipB(2) to DNA induces a 70 degree bend (PubMed:19150849). This forces HipA dimerization, which blocks HipA's active site and thus its toxic action (PubMed:26222023). May play a role in biofilm formation (PubMed:23329678). {ECO:0000269|PubMed:19150849, ECO:0000269|PubMed:20616060, ECO:0000269|PubMed:23329678, ECO:0000269|PubMed:26222023, ECO:0000269|PubMed:28430938, ECO:0000269|PubMed:8021189}.	8	8	8	0	8	8	10844683; 24089363
HprR	hprR	b1969	P76340	NP_416478.2	223	PF00072;PF00486		no	yes	RDBECOLITFC00118	S				unknown	no					Member of a two-component regulatory system HprR/HprS involved in response to hydrogen peroxide (PubMed:25568260, PubMed:27983483). Regulates the expression of at least 5 operons, cyoABCDE, hprRS, hiuH, cusRS and cusCFBA. Bifunctional regulator that acts as an activator and a repressor (PubMed:25568260). {ECO:0000269|PubMed:25568260, ECO:0000269|PubMed:27983483}.	4	4	3	0	14	9	25568260
HU	hupA;hupB	b4000;b0440						no	yes	RDBECOLITFC00121	W	INVERTED-REPEAT			unknown	no						8	3	3	0	9	4	10982882; 11254141; 11601842; 12372591; 227733; 350619; 3514923; 6987059; 9192630; 9218807
HyfR	hyfR	b2491	P71229	NP_416986.4	670	PF25601;PF01590;PF31091;PF00158		no	yes	RDBECOLITFC00080	W	INVERTED-REPEAT			unknown	no				ATP	A transcriptional activator of its own operon; when overexpressed operon expression is strongly enhanced by low pH (under pH 6.0), strongly inhibited by O(2) but only weakly stimulated by fumarate (PubMed:12426353, PubMed:14702328). Expression in situ is very weak (PubMed:12426353, PubMed:14702328). {ECO:0000269|PubMed:12426353, ECO:0000269|PubMed:14702328, ECO:0000305|PubMed:9387241}.	1	1	0	0	12	0	9387241
HypT	hypT	b4327	P39376	NP_418747.1	303	PF00126;PF03466	LysR-type (LTTR)	yes	yes	RDBECOLITFC00207	S				unknown	no					Protects cells from HOCl (hypochlorite) stress but not peroxide or diamide stress. Decreases the intracellular load of reactive oxygen species by up-regulating genes involved in methionine and cysteine biosynthesis and down-regulating Fur-regulated genes involved in iron acquisition. Has also been suggested to down-regulate expression of the flagellar regulon, decreasing motility, but this activity was not confirmed in a second study (PubMed:22223481). {ECO:0000269|PubMed:22223481}.	5	0	0	0	13	5	22223481; 23690622
IclR	iclR	b4018	P16528	NP_418442.2	274	PF09339;PF01614		no	yes	RDBECOLITFC00075	S		pyruvate; glyoxylate	RegulonDB	organic	no		direct		glyoxylate	Regulation of the glyoxylate bypass operon (aceBAK), which encodes isocitrate lyase, malate synthase as well as isocitrate dehydrogenase kinase/phosphorylase. Glyoxylate disrupts the interaction with the promoter by favoring the inactive dimeric form. Pyruvate enhances promoter binding by stabilizing the tetrameric form.	8	8	8	0	4	4	12492863; 1447784; 2001680; 2185227; 8550439; 17426033
IdnR	idnR	b4264	P39343	NP_418685.1	332	PF00356;PF00532		no	yes	RDBECOLITFC00033	W	INVERTED-REPEAT	5-dehydro-D-gluconate	RegulonDB	organic	no		direct			Idn operon regulator. May repress gntKU and gntT genes when growing on L-idonate. {ECO:0000269|PubMed:9658018}.	4	4	0	0	7	0	11441462; 14973046
IHF	ihfA;ihfB	b1712;b0912						no	yes	RDBECOLITFC00140	W	INVERTED-REPEAT			unknown	no						152	140	101	0	236	163	7629095; 7862094; 8156991; 8230206; 8515442; 7651128; 7715442
IlvY	ilvY	b3773	P05827	NP_418221.1	297	PF00126;PF03466	LysR-type (LTTR)	yes	yes	RDBECOLITFC00010	W	INVERTED-REPEAT	(S)-2-acetolactate	RegulonDB	organic	no		direct			This protein activates the transcription of the ilvC gene in the presence of acetolactate or acetohydroxybutyrate. IlvY is also a negative regulator of its own expression.	6	6	6	0	2	2	113381; 1379743; 3003115; 3062177; 3413113
IscR	iscR	b2531	P0AGK8	NP_417026.1	162	PF02082	Rrf2	yes	yes	RDBECOLITFC00105	S	INVERTED-REPEAT	a [2Fe-2S] iron-sulfur cluster	RegulonDB	redox	no		direct	Name=[2Fe-2S] cluster; Xref=ChEBI:CHEBI:190135; Evidence={ECO:0000269|PubMed:11742080, ECO:0000269|PubMed:16677314}; Note=Binds 1 [2Fe-2S] cluster; whether or not the Fe-S cluster is necessary for transcriptional regulation depends on the type of IscR-binding sequence. {ECO:0000269|PubMed:11742080, ECO:0000269|PubMed:16677314};	[2Fe-2S] cluster	Regulates the transcription of several operons and genes involved in the biogenesis of Fe-S clusters and Fe-S-containing proteins. Transcriptional repressor of the iscRSUA operon, which is involved in the assembly of Fe-S clusters into Fe-S proteins. In its apoform, under conditions of oxidative stress or iron deprivation, it activates the suf operon, which is a second operon involved in the assembly of Fe-S clusters. Represses its own transcription as well as that of toxin rnlA. {ECO:0000269|PubMed:11742080, ECO:0000269|PubMed:16824106, ECO:0000269|PubMed:20421606}.	16	15	15	0	33	29	11742080; 23075318
KdgR	kdgR	b1827	P76268	NP_416341.1	263	PF09339;PF01614		no	yes	RDBECOLITFC00141	W	INVERTED-REPEAT			unknown	no					Transcriptional repressor that negatively regulates the expression of kdgT, kdgK and kdgA, which encode proteins involved in transport and catabolism of 2-keto-3-deoxygluconate (KDG) (PubMed:4359651). Also represses expression of eda, which encodes the Entner-Doudoroff aldolase, by binding to its P2 promoter region (PubMed:15659677). {ECO:0000269|PubMed:15659677, ECO:0000269|PubMed:4359651}.	2	2	1	0	2	1	11566977; 15659677; 4359651
KdpE	kdpE	b0694	P21866	NP_415222.1	225	PF00072;PF00486		no	yes	RDBECOLITFC00236	W	INVERTED-REPEAT			unknown	no					Member of the two-component regulatory system KdpD/KdpE involved in the regulation of the kdp operon. {ECO:0000269|PubMed:1532388}.	5	3	1	2	9	6	12115059; 1532388; 1630316
LacI	lacI	b0345	P03023	NP_414879.3	360	PF00356;PF13377		no	yes	RDBECOLITFC00223	W	INVERTED-REPEAT	allolactose	RegulonDB	organic	no		direct			Repressor of the lactose operon. Binds allolactose as an inducer.	3	3	3	0	3	3	13718526; 14430363; 37924711; 40110750; 1107032; 2040302; 2178920; 2742823; 3064080; 3286877; 355891; 4571224; 4594037; 8046748; 17543986
LeuO	leuO	b0076	P10151	NP_414618.4	314	PF00126;PF03466	LysR-type (LTTR)	yes	yes	RDBECOLITFC00180	W	INVERTED-REPEAT	(2S)-2-isopropylmalate	RegulonDB	organic	no		direct			A global transcription factor. Activates transcription of the 9 following operons; yjjQ-bglJ, yjjP, acrEF, ybdO, yjcRQP, casABCDE12, rhsD-ybbC, fepE and gltF, in most cases it probably interferes with silencing by H-NS and activates transcription. Represses transcription of the 3 following operons; uxaCA, sdaCB and btsT. H-NS repression of the bgl operon, leading to the ability to metabolize some beta-glucosides. It also directly activates the bgl operon. Activation is H-NS and BglJ-RcsB independent. {ECO:0000269|PubMed:19429622, ECO:0000269|PubMed:20659289, ECO:0000269|PubMed:20952573, ECO:0000269|PubMed:9422614}.	22	18	15	3	24	17	11121424; 15582999; 16207917; 7836317; 9422614; 1630901; 3413113; 3519576; 40670652
LexA	lexA	b4043	P0A7C2	NP_418467.1	202	PF01726;PF00717		no	yes	RDBECOLITFC00054	S	INVERTED-REPEAT			unknown	no					Represses a number of genes involved in the response to DNA damage (SOS response), including recA and lexA. Binds to the 16 bp palindromic sequence 5'-CTGTATATATATACAG-3'. In the presence of single-stranded DNA, RecA interacts with LexA causing an autocatalytic cleavage which disrupts the DNA-binding part of LexA, leading to derepression of the SOS regulon and eventually DNA repair. Implicated in hydroxy radical-mediated cell death induced by hydroxyurea treatment (PubMed:20005847). The SOS response controls an apoptotic-like death (ALD) induced (in the absence of the mazE-mazF toxin-antitoxin module) in response to DNA damaging agents that is mediated by RecA and LexA (PubMed:22412352). Genetic interactions among priB, dam, lexA, nagC, polA, rdgB, rdgB, rep and uup link the PriA-PriB replication restart pathway to DNA double-strand break repair (PubMed:36326440). {ECO:0000255|HAMAP-Rule:MF_00015, ECO:0000269|PubMed:20005847, ECO:0000269|PubMed:22412352, ECO:0000269|PubMed:36326440, ECO:0000269|PubMed:7027255, ECO:0000269|PubMed:7027256}.	51	49	23	0	63	22	2780544; 6261224; 6272195; 7013987; 7027255; 7027256; 8076591; 8265357; 160562
LldR	lldR	b3604	P0ACL7	NP_418061.1	258	PF07729;PF00392	GntR	yes	yes	RDBECOLITFC00099	W	INVERTED-REPEAT	(S)-lactate	RegulonDB	organic	no		direct			May be a regulatory protein for the LCT genes.	16	16	3	13	11	3	18263722
LrhA	lrhA	b2289	P36771	NP_416792.1	312	PF00126;PF03466	LysR-type (LTTR)	yes	yes	RDBECOLITFC00230	W	INVERTED-REPEAT			unknown	no					Not known, does not seem to act on the proton translocating NADH dehydrogenase genes (nuoA-N) which are part of the lrhA operon.	6	4	4	0	5	5	12123461; 7565112; 9882671
Lrp	lrp	b0889	P0ACJ0	NP_415409.1	164	PF01037;PF13412		no	yes	RDBECOLITFC00110	S	INVERTED-REPEAT	L-leucine	RegulonDB	organic	no		direct			Mediates a global response to leucine. Exogenous leucine affects the expression of a number of different operons; lrp mediates this effect for at least some of these operons. For example it is regulator of the branched-chain amino acid transport genes.	518	219	122	76	368	98	1346534; 1729203; 2040596; 7665463; 12675791; 7901196; 8636076
LsrR	lsrR	b1512	P76141	NP_416029.1	317	PF04198		no	yes	RDBECOLITFC00186	W	INVERTED-REPEAT	autoinducer 2; (2S)-2-hydroxy-3,4-dioxopentyl phosphate; (4S)-4,5-dihydroxypentane-2,3-dione	RegulonDB	organic	no		direct			Transcriptional regulator that represses the expression of the lsr operon (lsrACDBFG-tam) in the absence of the quorum-sensing signaling molecule autoinducer 2 (AI-2) (PubMed:15743955, PubMed:16321939, PubMed:19636340). It also represses the expression of the lsrRK operon (PubMed:15743955, PubMed:16321939, PubMed:19636340). Acts by binding directly to the lsrA and lsrR promoter regions (PubMed:19636340). In the presence of phosphorylated autoinducer-2 (phospho-AI-2), LsrR is inactivated, leading to the transcription of the genes (PubMed:15743955, PubMed:16321939, PubMed:19636340). In addition to controlling the transcription of the lsr and lsrRK operons, LsrR may act as a global regulator that regulates the expression of a variety of genes, including genes involved in biofilm formation, host invasion and stress responses (PubMed:17557827). It also regulates the expression of several small RNAs (sRNAs), including DsrA (PubMed:17557827). {ECO:0000269|PubMed:15743955, ECO:0000269|PubMed:16321939, ECO:0000269|PubMed:17557827, ECO:0000269|PubMed:19636340}.	0	0	0	0	9	9	15743955; 19636340; 23589368
LysR	lysR	b2839	P03030	NP_417316.1	311	PF00126;PF03466	LysR-type (LTTR)	yes	yes	RDBECOLITFC00101	W	INVERTED-REPEAT			unknown	no					This protein activates the transcription of the lysA gene encoding diaminopimelate decarboxylase. LysR is also a negative regulator of its own expression.	2	0	0	0	2	0	6350602
MalI	malI	b1620	P18811	NP_416137.1	342	PF00356;PF00532		no	yes	RDBECOLITFC00109	W	INVERTED-REPEAT			unknown	no					Repressor for the malX and malY genes. Also regulates its own expression. Binds maltose as an inducer. {ECO:0000269|PubMed:1856179}.	2	2	2	0	3	3	1856179; 2670898
MalT	malT	b3418	P06993	NP_417877.1	901	PF00196;PF17874;PF25873		no	yes	RDBECOLITFC00232	W		maltotrioseATP	RegulonDB	organic	no		direct		ATP	Positively regulates the transcription of the maltose regulon whose gene products are responsible for uptake and catabolism of malto-oligosaccharides (PubMed:2524384, PubMed:2538630, PubMed:3305511, PubMed:7040340). Specifically binds to the promoter region of its target genes, recognizing a short DNA motif called the MalT box (5'-GGA[TG]GA-3') (PubMed:2524384, PubMed:2538630). Displays weak ATPase activity, but this activity is not required for promoter binding (PubMed:2524384). {ECO:0000269|PubMed:2524384, ECO:0000269|PubMed:2538630, ECO:0000269|PubMed:3305511, ECO:0000269|PubMed:7040340}.	20	20	14	0	11	9	2538630; 2664421; 7830577
MarA	marA	b1531	P0ACH5	NP_416048.2	127	PF12833		no	yes	RDBECOLITFC00060	W	ASYMMETRIC			unknown	no					May be a transcriptional activator of genes involved in the multiple antibiotic resistance (Mar) phenotype. It can also activate genes such as sodA, zwf and micF.	41	40	27	0	60	43	27105118; 31251753; 31438868; 8383113; 8491710; 8522515
MarR	marR	b1530	P27245	NP_416047.4	144	PF01047	MarR/SlyA	yes	yes	RDBECOLITFC00211	W		salicylate	RegulonDB	organic	no		direct			Repressor of the marRAB operon which is involved in the activation of both antibiotic resistance and oxidative stress genes. Binds to the marO operator/promoter site.	2	2	2	0	3	3	8282690; 8383113; 8521301; 11751765; 7768850; 7777530
MatA	matA	b0294	P71301	NP_414828.1	196	PF27348;PF00196		no	yes	RDBECOLITFC00015	S	INVERTED-REPEAT			unknown	no					Part of the ecpRABCDE operon, which encodes the E.coli common pilus (ECP). ECP is found in both commensal and pathogenic strains and plays a dual role in early-stage biofilm development and host cell recognition. Positively regulates the expression of the ecp operon (By similarity). Also represses expression of the flagellar master operon flhDC, and consequently prevents flagellum biosynthesis and motility. Acts by binding to the regulatory region of the flhDC operon (Probable). {ECO:0000250, ECO:0000269|PubMed:22422754, ECO:0000305}.	6	0	0	0	9	9	15556475; 22422754
MazE	mazE	b2783	P0AE72	NP_417263.1	82	PF04014		no	yes	RDBECOLITFC00041	W				unknown	no					Antitoxin component of a type II toxin-antitoxin (TA) system. Labile antitoxin that binds to the MazF endoribonuclease toxin and neutralizes its endoribonuclease activity. Is considered to be an 'addiction' molecule as the cell dies in its absence. Toxicity results when the levels of MazE decrease in the cell, leading to mRNA degradation. This effect can be rescued by expression of MazE, but after 6 hours in rich medium the overexpression of MazF leads to programmed cell death. Cell growth and viability are not affected when MazF and MazE are coexpressed. Both MazE and MazE-MazF bind to the promoter region of the mazE-mazF operon to inhibit their own transcription (PubMed:8650219). There are 3 operators to which MazE binds (PubMed:12533537). MazE has higher affinity for promoter DNA in the presence of MazF (PubMed:25564525). {ECO:0000269|PubMed:11071896, ECO:0000269|PubMed:12123459, ECO:0000269|PubMed:12533537, ECO:0000269|PubMed:19707553, ECO:0000269|PubMed:21419338, ECO:0000269|PubMed:25564525, ECO:0000269|PubMed:8650219}.; Cell death governed by the MazE-MazF and DinJ-YafQ TA systems seems to play a role in biofilm formation, while MazE-MazF is also implicated in cell death in liquid media. {ECO:0000269|PubMed:15576778, ECO:0000269|PubMed:19707553}.; Might also serve to protect cells against bacteriophage; in the presence of MazE-MazF fewer P1 phage are produced than in a disrupted strain. For strain K38 most wild-type cells are killed but not by phage lysis; it was suggested that MazE-MazF causes P1 phage exclusion from the bacterial population. This phenomenon is strain dependent. {ECO:0000269|PubMed:15316771}.	4	4	4	0	3	3	
MazEF	mazF;mazE	b2782;b2783						no	yes	RDBECOLITFC00067	W	INVERTED-REPEAT			unknown	no						4	4	4	0	3	3	36328526
McbR	mcbR	b1450	P76114	NP_415967.2	221	PF07729;PF00392	GntR	yes	yes	RDBECOLITFC00202	W	INVERTED-REPEAT			unknown	no					Important for biofilm formation. Represses expression of McbA by binding to its promoter region, which prevents colanic acid overproduction and mucoidy. {ECO:0000269|PubMed:18309357}.	5	2	2	0	6	6	15556475; 18309357; 20713450
MelR	melR	b4118	P0ACH8	NP_418542.1	302	PF12833		no	yes	RDBECOLITFC00195	W	ASYMMETRIC	melibiose	RegulonDB	organic	no		direct			Transcription activator for the expression of the melAB operon. MelR binds at two sites located upstream of the melAB transcription site. {ECO:0000269|PubMed:2684786}.	11	11	11	0	3	3	1445207; 2684786; 2830169; 8010957; 10747919; 10760179; 16621812; 18346968
MetJ	metJ	b3938	P0A8U6	NP_418373.1	105	PF01340		no	yes	RDBECOLITFC00045	S		S-adenosyl-L-methionine; adenine; S-methyl-5'-thioadenosine	RegulonDB	organic	no		direct			This regulatory protein, when combined with SAM (S-adenosylmethionine) represses the expression of the methionine regulon and of enzymes involved in SAM synthesis. It is also autoregulated.	34	33	15	0	15	6	11448880; 2543976; 2994061; 6094549; 22890386
MetR	metR	b3828	P0A9F9	NP_418272.1	317	PF00126;PF03466	LysR-type (LTTR)	yes	yes	RDBECOLITFC00163	S				unknown	no					Control of the last step in methionine biosynthesis; MetR is a positive activator of the metA, metE and metH genes. MetR is also a negative regulator of its own expression. Binds homocysteine as an inducer.	11	11	10	0	5	4	1379743; 2205852; 2643109; 2543976; 2656646; 8257110; 7608086; 8757744
MhpR	mhpR	b0346	P77569	NP_414880.2	277	PF09339;PF01614		no	yes	RDBECOLITFC00166	W		3-(3-hydroxyphenyl)propanoate	RegulonDB	organic	no		direct			Activator of the mhpABCDFE operon coding for components of the 3-hydroxyphenylpropionate degradation pathway. {ECO:0000269|PubMed:9098055}.	1	1	1	0	6	6	12748194; 9098055
Mlc	mlc	b1594	P50456	NP_416111.1	406	PF00480		no	yes	RDBECOLITFC00023	W	INVERTED-REPEAT			unknown	no				Zn(2+)	Global regulator of carbohydrate metabolism (PubMed:10464268, PubMed:11361067, PubMed:11934616, PubMed:9484892, PubMed:9484893, PubMed:9781886). Represses the expression of several genes involved in sugar transport and utilization, in particular phosphoenolpyruvate-carbohydrate phosphotransferase system (PTS) genes (PubMed:10464268, PubMed:9484892, PubMed:9484893, PubMed:9781886). Represses expression of ptsG (EIICB(Glc)), which encodes the PTS system glucose-specific EIICB component (PubMed:9781886). Also represses the expression of the manXYZ operon, encoding the mannose-specific PTS system, expression of malT, encoding the transcriptional activator of the maltose regulon, and expression of the pts operon, composed of the genes ptsH, ptsI and crr (PubMed:10464268, PubMed:9484892, PubMed:9484893). Represses its own expression (PubMed:9484893). Acts by binding to the regulatory region of the target genes (PubMed:10464268, PubMed:9484893, PubMed:9781886). {ECO:0000269|PubMed:10464268, ECO:0000269|PubMed:11361067, ECO:0000269|PubMed:11934616, ECO:0000269|PubMed:9484892, ECO:0000269|PubMed:9484893, ECO:0000269|PubMed:9781886}.	10	10	8	0	10	7	10464268; 10469172; 9484893; 9767573; 9484892
MlrA	mlrA	b2127	P33358	NP_416631.1	243	PF13411;PF22267;PF22270	MerR	yes	yes	RDBECOLITFC00013	S	INVERTED-REPEAT			unknown	no					Activates transcription of csgD, the master regulator of biofilm formation, by binding to its promoter region (PubMed:11489123, PubMed:20874755). Also controls the transcription of cadC and ibaG (PubMed:20874755). Part of a signaling cascade that regulates curli biosynthesis. The cascade is composed of two c-di-GMP control modules, in which c-di-GMP controlled by the DgcE/PdeH pair (module I) regulates the activity of the DgcM/PdeR pair (module II), which in turn regulates activity of the transcription factor MlrA (PubMed:23708798). {ECO:0000269|PubMed:11489123, ECO:0000269|PubMed:20874755, ECO:0000269|PubMed:23708798}.	5	5	5	0	10	10	11489123; 12775697; 15556475; 20874755
MngR	mngR	b0730	P13669	NP_415258.1	240	PF00392;PF07702	GntR	yes	yes	RDBECOLITFC00233	S				unknown	no					Represses mngA and mngB. Regulates its own expression. {ECO:0000269|PubMed:14645248, ECO:0000269|PubMed:7805834}.	4	4	4	0	3	3	7805834; 12757941; 14645248; 2548486
MntR	mntR	b0817	P0A9F1	NP_415338.1	155	PF02742;PF01325	DtxR/MntR	yes	yes	RDBECOLITFC00130	W		Mn2+	RegulonDB	metal	yes	Mn2+	direct			In the presence of manganese, represses expression of mntH and mntS. Up-regulates expression of mntP. {ECO:0000269|PubMed:11466284, ECO:0000269|PubMed:21908668}.	7	7	1	0	5	1	11466284; 21908668
ModE	modE	b0761	P0A9G8	NP_415282.1	262	PF03459	LysR-type (LTTR)	yes	yes	RDBECOLITFC00189	S		MoO42-	RegulonDB	metal	yes	MoO42-	direct		molybdate	Functions as an intracellular molybdate sensor. The ModE-Mo complex acts as a repressor of the modABC operon, which is involved in the transport of molybdate (PubMed:8550508). Binds modA promoter DNA in the absence of molybdate, however molybdate binding confers increased DNA affinity (PubMed:9044285, PubMed:9210473). Binds the promoter of moaA activating its transcription; binding is not enhanced by molybdate (PubMed:9044285). The protein dimer binds the consensus palindrome sequence 5'-TATAT-N7-TAYAT-3' and a variant 5'-TGTGT-N7-TGYGT-3' (PubMed:16205910, PubMed:9044285, PubMed:9210473). Acts as a regulator of the expression of 67 genes, many of which encode molybdoenzymes, acts both directly and indirectly (PubMed:10206709, PubMed:16205910, PubMed:9466267). ModE also binds tungstate (PubMed:11259434, PubMed:9210473). {ECO:0000269|PubMed:10206709, ECO:0000269|PubMed:11259434, ECO:0000269|PubMed:16205910, ECO:0000269|PubMed:8550508, ECO:0000269|PubMed:9044285, ECO:0000269|PubMed:9210473, ECO:0000269|PubMed:9466267}.	9	8	8	0	46	41	13129959; 14641908; 9044285; 9466267; 9721306
MprA	mprA	b2684	P0ACR9	NP_417169.1	176	PF01047	MarR/SlyA	yes	yes	RDBECOLITFC00026	S	INVERTED-REPEAT	salicylate; carbonylcyanide m-chlorophenylhydrazone; 2,4-dinitrophenol	RegulonDB	organic	no		direct			Negative regulator of the multidrug operon mprA-emrAB (emrRAB) (PubMed:10991887, PubMed:31633764, PubMed:7730261). Binds directly to a promoter in its own operon mprA-emrAB; binding is inhibited by probable inducers of the operon, some of which are also substrates of the efflux pump EmrAB-TolC (PubMed:10991887). {ECO:0000269|PubMed:10991887, ECO:0000269|PubMed:31633764, ECO:0000269|PubMed:7730261}.	3	3	1	0	6	3	10438794; 10991887; 30578262; 33077659; 7730261
MqsA	mqsA	b3021	Q46864	NP_417493.1	131	PF15731		no	yes	RDBECOLITFC00144	S	INVERTED-REPEAT			unknown	no			Name=Zn(2+); Xref=ChEBI:CHEBI:29105; Evidence={ECO:0000269|PubMed:20041169, ECO:0000269|PubMed:20823526, ECO:0000269|PubMed:21068382, ECO:0000269|PubMed:22789559}; Note=Binds 1 Zn(2+) ion per subunit. {ECO:0000269|PubMed:20041169, ECO:0000269|PubMed:20823526, ECO:0000269|PubMed:21068382, ECO:0000269|PubMed:22789559};	Zn(2+)	Antitoxin component of a type II toxin-antitoxin (TA) system. Labile antitoxin that binds to the MqsR mRNA interferase toxin and neutralizes its endoribonuclease activity. Overexpression prevents MqsR-mediated cessation of cell growth and inhibition of cell proliferation. Initially reported to act as a cotranscription factor with MqsA (PubMed:19690171, PubMed:20105222). Following further experiments, the MqsR-MqsA complex does not bind DNA and all reported data are actually due to a small fraction of free MqsA alone binding DNA. Addition of MqsR to a preformed MqsA-promoter DNA complex causes dissociation of the MqsA-DNA complex, probably causing derepression of MqsA-repressed transcripts (PubMed:23172222). MqsA binds to 2 palindromes in the promoter region of the mqsRA operon activating its transcription. Binds to other promoters, inducing mcbR and spy and repressing cspD among others (PubMed:20105222). Binds to and represses the rpoS promoter, the master stress regulator, resulting in decreased cyclic-di-GMP, reduced stress resistance, increased cell motility and decreased biofilm formation; in these experiments 5 TA systems are missing (lacks MazEF, RelEB, ChpB, YoeB-YefM, YafQ-DinJ) (PubMed:21516113). An earlier study showed overexpression alone increases biofilm formation, perhaps by repressing cspD; in these experiments the 5 TA systems are present (PubMed:20105222). Represses the csgD promoter. In the presence of stress, when this protein is degraded, the promoters it represses are derepressed, leading to biofilm formation (Probable). This TA system mediates cell growth during bile acid deoxycholate stress by degrading mRNA for probable deoxycholate-binding protein YgiS; bile acid detergents such as deoxycholate are important for host defense against bacterial growth in the gall bladder and duodenum (PubMed:25534751). {ECO:0000269|PubMed:19690171, ECO:0000269|PubMed:19943910, ECO:0000269|PubMed:20105222, ECO:0000269|PubMed:21516113, ECO:0000269|PubMed:23172222, ECO:0000269|PubMed:25534751, ECO:0000303|PubMed:24212724}.	8	7	7	0	13	8	15556475; 19690171; 20105222; 35853597
MraZ	mraZ	b0081	P22186	NP_414623.1	152	PF02381		no	yes	RDBECOLITFC00074	S	INVERTED-REPEAT			unknown	no					Negatively regulates its own expression and that of the subsequent genes in the proximal part of the division and cell wall (dcw) gene cluster. Acts by binding directly to DNA. May also regulate the expression of genes outside the dcw cluster. {ECO:0000255|HAMAP-Rule:MF_01008, ECO:0000269|PubMed:24659771}.	6	6	6	0	18	18	24659771
MurR	murR	b2427	P77245	NP_416922.1	285	PF01418;PF01380		no	yes	RDBECOLITFC00069	S		N-acetyl-D-glucosamine 6-phosphate; N-acetyl-D-muramate 6-phosphate	RegulonDB	organic	no		direct			Represses the expression of the murPQ operon involved in the uptake and degradation of N-acetylmuramic acid (MurNAc). Binds to two adjacent inverted repeats within the operator region. MurNAc 6-phosphate, the substrate of MurQ, is the specific inducer that weakens binding of MurR to the operator. Also represses its own transcription. {ECO:0000269|PubMed:18723630}.	10	10	10	0	3	3	18723630; 35640608
Nac	nac	b1988	Q47005	NP_416493.1	305	PF00126;PF03466	LysR-type (LTTR)	yes	yes	RDBECOLITFC00104	S	INVERTED-REPEAT			unknown	no					Transcriptional activator for the hut, put and ure operons and repressor for the gdh and gltB operons in response to nitrogen limitation. Negative regulator of its own expression (By similarity). {ECO:0000250}.	567	563	3	560	557	543	11121068; 9495755
NadR	nadR	b4390	P27278	NP_418807.4	410	PF13521;PF01381		no	yes	RDBECOLITFC00206	W	INVERTED-REPEAT			unknown	no				NAD(+)	This enzyme has three activities: DNA binding, nicotinamide mononucleotide (NMN) adenylyltransferase and ribosylnicotinamide (RN) kinase. The DNA-binding domain binds to the nadB operator sequence in an NAD- and ATP-dependent manner. As NAD levels increase within the cell, the affinity of NadR for the nadB operator regions of nadA, nadB, and pncB increases, repressing the transcription of these genes. The RN kinase activity catalyzes the phosphorylation of RN to form nicotinamide ribonucleotide. The NMN adenylyltransferase activity catalyzes the transfer of the AMP moiety of ATP to nicotinamide ribonucleotide to form NAD(+). The NMN adenylyltransferase domain also functions as the NAD and ATP sensor. {ECO:0000269|PubMed:10464228}.	3	3	1	0	4	1	12446641; 4349027
NagC	nagC	b0676	P0AF20	NP_415202.1	406	PF01047;PF00480	MarR/SlyA	yes	yes	RDBECOLITFC00171	S	INVERTED-REPEAT	N-acetyl-D-glucosamine 6-phosphate	RegulonDB	organic	no		direct			Acts as a repressor of the nagEBACD operon and acts both as an activator and a repressor for the transcription of the glmSU operon (PubMed:7545108). Genetic interactions among priB, dam, lexA, nagC, polA, rdgB, rdgB, rep and uup link the PriA-PriB replication restart pathway to DNA double-strand break repair (PubMed:36326440). {ECO:0000269|PubMed:7545108}.	30	29	18	0	50	23	11139621; 15066032; 15534208; 15743943; 17238917; 1848637; 7545108; 1766379; 2190615; 2668691
NanR	nanR	b3226	P0A8W0	NP_417693.3	263	PF07729;PF00392	GntR	yes	yes	RDBECOLITFC00238	S	ASYMMETRIC	N-acetylneuraminate	RegulonDB	organic	no		direct			Transcriptional repressor that controls expression of the genes required for the catabolism of sialic acids (PubMed:12897000, PubMed:23935044, PubMed:9864311). Represses expression of the nanATEK-yhcH, nanCMS and yjhBC operons. Acts by binding directly to the Nan box, a region of approximately 30 bp covering the promoter region (PubMed:23935044). {ECO:0000269|PubMed:12897000, ECO:0000269|PubMed:23935044, ECO:0000269|PubMed:9864311}.	12	12	12	0	11	11	12897000; 33790291; 15534208
NarL	narL	b1221	P0AF28	NP_415739.1	216	PF00196;PF00072		no	yes	RDBECOLITFC00070	S				unknown	no					This protein activates the expression of the nitrate reductase (narGHJI) and formate dehydrogenase-N (fdnGHI) operons and represses the transcription of the fumarate reductase (frdABCD) operon in response to a nitrate/nitrite induction signal transmitted by either the NarX or NarQ proteins.	127	121	89	0	126	66	15995204; 2648330; 2649492; 2657652; 7601827; 8057356
NarP	narP	b2193	P31802	NP_416697.1	215	PF00196;PF00072		no	yes	RDBECOLITFC00044	S	INVERTED-REPEAT			unknown	no					This protein activates the expression of the nitrate reductase (narGHJI) and formate dehydrogenase-N (fdnGHI) operons and represses the transcription of the fumarate reductase (frdABCD) operon in response to a nitrate/nitrite induction signal transmitted by either the NarX or NarQ proteins.	26	24	12	0	51	36	15978080; 8501030; 9302020
NemR	nemR	b1649	P67430	NP_416166.3	199	PF16925;PF00440	TetR/AcrR	yes	yes	RDBECOLITFC00002	W	INVERTED-REPEAT	methylglyoxal	RegulonDB	organic	no		direct			Involved in response to both electrophiles and reactive chlorine species (RCS) (PubMed:23506073, PubMed:23536188). Represses the transcription of the nemRA-gloA operon by binding to the NemR box (PubMed:18567656, PubMed:23506073, PubMed:23536188). May sense electrophiles, primarily quinones and glyoxals, as redox signals and regulate the redox state by modulating the expression of nemA and gloA (PubMed:23506073). Also uses the oxidation status of HOCl-sensitive cysteine residues to respond to bleach and related RCS (PubMed:23536188). Involved in response to methylglyoxal (PubMed:23646895). {ECO:0000269|PubMed:18567656, ECO:0000269|PubMed:23506073, ECO:0000269|PubMed:23536188, ECO:0000269|PubMed:23646895}.	1	1	1	0	3	3	15556475; 18567656
NfeR	nfeR	b3071	P64588	NP_417542.1	207	PF03551;PF29284		no	yes	RDBECOLITFC00039	None	INVERTED-REPEAT	Ni2+	RegulonDB	metal	yes	Ni2+	direct			Represses the expression of YqjH which is involved in iron homeostasis under excess nickel conditions. Also represses its own expression. {ECO:0000269|PubMed:21097627}.	2	2	2	0	2	2	
NhaR	nhaR	b0020	P0A9G2	NP_414561.1	301	PF00126;PF03466	LysR-type (LTTR)	yes	yes	RDBECOLITFC00004	W		Na+	RegulonDB	organic	no		direct			Plays a role in the positive regulation of NhaA. {ECO:0000269|PubMed:1316901}.	23	7	7	0	42	9	11577158; 12867437; 1316901; 16997959; 3413113; 8168494; 9312050
NikR	nikR	b3481	P0A6Z6	NP_417938.1	133	PF08753;PF01402	NikR	yes	yes	RDBECOLITFC00142	W		Ni2+	RegulonDB	metal	yes	Ni2+	direct	Name=Ni(2+); Xref=ChEBI:CHEBI:49786; Note=Binds 1 nickel ion per subunit.;	Ni(2+)	Transcriptional repressor of the nikABCDE operon. Is active in the presence of excessive concentrations of intracellular nickel.	1	1	1	0	6	6	10787413
NimR	nimR	b1790	P76241	NP_416304.1	273	PF02311;PF12833		no	yes	RDBECOLITFC00224	S	INVERTED-REPEAT			unknown	no					Negatively regulates expression of the nimT operon and its own expression. Acts by binding to the nimR-nimT intergenic region. {ECO:0000269|PubMed:25790494}.	6	6	6	0	2	2	15556475; 25790494
NorR	norR	b2709	P37013	NP_417189.2	504	PF25601;PF01590;PF00158		no	yes	RDBECOLITFC00093	W	INVERTED-REPEAT			unknown	no				ATP	Required for the expression of anaerobic nitric oxide (NO) reductase, acts as a transcriptional activator for at least the norVW operon. Activation also requires sigma-54. Not required for induction of the aerobic NO-detoxifying enzyme NO dioxygenase. Binds to the promoter region of norVW, to a consensus target sequence, GT-(N7)-AC, which is highly conserved among proteobacteria. {ECO:0000269|PubMed:11751865, ECO:0000269|PubMed:12586421}.	6	6	6	0	3	3	11751865; 12142437; 12529359; 14718666; 15375149; 16193057; 7894055
NrdR	nrdR	b0413	P0A8D0	NP_414947.1	149	PF03477;PF22811		no	yes	RDBECOLITFC00187	S				unknown	no			Name=Zn(2+); Xref=ChEBI:CHEBI:29105; Evidence={ECO:0000250}; Note=Binds 1 zinc ion. {ECO:0000250};		Represses transcription of the class Ib RNR genes nrdHIEF but has much smaller effect on transcription of the class Ia RNR genes nrdAB and class III RNR genes nrdDG. By binding to nrdR boxes in the promoter regions to alter promoter activity, nrdR differentially regulates nrdAB, nrdHIEF and nrdD transcription in aerobic growth. {ECO:0000269|PubMed:17496099}.	7	7	7	0	9	9	17496099
NsrR	nsrR	b4178	P0AF63	NP_418599.1	141	PF02082	Rrf2	yes	yes	RDBECOLITFC00005	S	INVERTED-REPEAT	NO	RegulonDB	redox	no		direct	Name=[2Fe-2S] cluster; Xref=ChEBI:CHEBI:190135; Evidence={ECO:0000305}; Note=Binds 1 [2Fe-2S] cluster per subunit. {ECO:0000305};	[2Fe-2S] cluster	Nitric oxide-sensitive repressor of genes involved in protecting the cell against nitrosative stress, such as ytfE, hmpA and ygbA. May require iron for activity. Does not regulate its own transcription. {ECO:0000269|PubMed:16428390}.	47	45	4	0	86	11	16428390; 17720788; 18433631; 19656291; 20533909
NtrC	glnG	b3868	P0AFB8	NP_418304.1	469	PF25601;PF02954;PF00072;PF00158		no	yes	RDBECOLITFC00022	S	INVERTED-REPEAT			unknown	no				ATP	Member of the two-component regulatory system NtrB/NtrC, which controls expression of the nitrogen-regulated (ntr) genes in response to nitrogen limitation. Phosphorylated NtrC binds directly to DNA and stimulates the formation of open promoter-sigma54-RNA polymerase complexes (PubMed:1350679, PubMed:2574599, PubMed:2874557, PubMed:3304660). Activates transcription of many genes and operons whose products minimize the slowing of growth under nitrogen-limiting conditions, including genes coding for glutamine synthetase (glnA), transporters, amino acid permeases and catabolic enzymes (PubMed:11121068). {ECO:0000269|PubMed:11121068, ECO:0000269|PubMed:1350679, ECO:0000269|PubMed:2574599, ECO:0000269|PubMed:2874557, ECO:0000269|PubMed:3304660}.	46	41	18	18	52	37	12730324; 2882477; 3304660; 6148334
OmpR	ompR	b3405	P0AA16	NP_417864.1	239	PF00072;PF00486		no	yes	RDBECOLITFC00078	S	DIRECT-REPEAT			unknown	no					Member of the two-component regulatory system EnvZ/OmpR involved in osmoregulation (particularly of genes ompF and ompC) as well as other genes (PubMed:3010044, PubMed:3536870). Plays a central role in both acid and osmotic stress responses (PubMed:28526842, PubMed:30524381). Binds AT-rich DNA (PubMed:10633113). Binds to the promoter of both ompC and ompF; at low osmolarity it activates ompF transcription, while at high osmolarity it represses ompF and activates ompC transcription (PubMed:2403550, PubMed:2557454, PubMed:3023382, PubMed:3533941, PubMed:7592927). Involved in acid stress response; this requires EnvZ but not OmpR phosphorylation (PubMed:29138484). Phosphorylated by EnvZ; this stimulates OmpR's DNA-binding ability (PubMed:2558046, PubMed:2656684, PubMed:2668281, PubMed:2668953, PubMed:2674113, PubMed:7934854). Is also dephosphorylated by EnvZ (PubMed:2558046, PubMed:2668281, PubMed:7934854). A single OmpR protein can bind to DNA; OmpR dimers can form on the DNA in either direction, suggesting that interactions between the 2 DNA-binding domains are weak or absent (PubMed:18195018). {ECO:0000269|PubMed:10633113, ECO:0000269|PubMed:18195018, ECO:0000269|PubMed:2403550, ECO:0000269|PubMed:2557454, ECO:0000269|PubMed:2558046, ECO:0000269|PubMed:2656684, ECO:0000269|PubMed:2668281, ECO:0000269|PubMed:2668953, ECO:0000269|PubMed:2674113, ECO:0000269|PubMed:28526842, ECO:0000269|PubMed:29138484, ECO:0000269|PubMed:3010044, ECO:0000269|PubMed:3023382, ECO:0000269|PubMed:30524381, ECO:0000269|PubMed:3533941, ECO:0000269|PubMed:3536870, ECO:0000269|PubMed:7592927, ECO:0000269|PubMed:7934854}.	64	58	30	25	57	50	16855227; 26209678; 27050393; 40231449; 1482126; 2157156; 2997120; 3010044; 6292199; 7699720; 8098993; 3020561; 3023382; 6263866
OxyR	oxyR	b3961	P0ACQ4	NP_418396.1	305	PF00126;PF03466	LysR-type (LTTR)	yes	yes	RDBECOLITFC00188	S	INVERTED-REPEAT	H2O2	curated	redox	no		direct (Cys199-Cys208 disulfide)			Hydrogen peroxide (H2O2) sensor. Activates the expression of a regulon of H2O2-inducible genes such as katG, gor, ahpC, ahpF, oxyS (a regulatory RNA), dps, fur and grxA in response to H2O2. Represses transcription of phage Mu mom gene in a methylation-sensitive manner; MomR binds to the mom promoter when it is unmethylated but not if it is fully methylated (PubMed:2551682). Binds DNA in the upstream regions of its target genes; more than one site may be present per gene (PubMed:1864839, PubMed:2471187, PubMed:2551682). OxyR is inactivated by reduction of its essential disulfide bond by glutaredoxin (Grx1, grxA), itself positively regulated by OxyR (PubMed:9497290). Also has a positive regulatory effect on the production of surface proteins that control the colony morphology and auto-aggregation ability (PubMed:15659678). {ECO:0000269|PubMed:15659678, ECO:0000269|PubMed:1864839, ECO:0000269|PubMed:2551682, ECO:0000269|PubMed:9497290}.	64	59	41	10	45	40	22539721; 8483417; 1864839; 2167922; 2471187; 2511419; 2551682; 8265357
PaaX	paaX	b1399	P76086	NP_415917.1	316	PF07848;PF08223;PF20803		no	yes	RDBECOLITFC00052	W	INVERTED-REPEAT	phenylacetyl-CoA	RegulonDB	organic	no		direct			Negative regulator of the paaZ and paaABCDEFGHIJK catabolic operons. Binds the consensus sequence 5'-WWTRTGATTCGYGWT-3'. Binding of PaaX is specifically inhibited by phenylacetyl-coenzyme A (PA-CoA). {ECO:0000269|PubMed:10766858, ECO:0000269|PubMed:9748275}.	3	3	3	0	14	14	10766858; 11243806
PdeL	pdeL	b0315	P21514	NP_414849.1	362	PF00563;PF00196		no	yes	RDBECOLITFC00049	S				unknown	no			Name=Mg(2+); Xref=ChEBI:CHEBI:18420; Evidence={ECO:0000269|PubMed:15995192, ECO:0000269|PubMed:24451384}; Name=Mn(2+); Xref=ChEBI:CHEBI:29035; Evidence={ECO:0000269|PubMed:15995192};	Mg(2+);substrate	Acts both as an enzyme and as a c-di-GMP sensor to couple transcriptional activity to the c-di-GMP status of the cell (PubMed:26553851). Phosphodiesterase (PDE) that catalyzes the hydrolysis of cyclic-di-GMP (c-di-GMP) to 5'-pGpG (PubMed:15995192, PubMed:24451384, PubMed:26553851). Also acts as a transcription factor to control its own expression (PubMed:26553851). {ECO:0000269|PubMed:15995192, ECO:0000269|PubMed:24451384, ECO:0000269|PubMed:26553851}.	4	2	2	0	9	9	26553851
PdhR	pdhR	b0113	P0ACL9	NP_414655.1	254	PF07729;PF00392	GntR	yes	yes	RDBECOLITFC00221	S	INVERTED-REPEAT	pyruvate	RegulonDB	organic	no		direct			Transcriptional repressor for the pyruvate dehydrogenase complex genes aceEF and lpd.	22	19	15	1	54	43	17513468; 2060763; 7783622; 8057842; 8262214
PepA	pepA	b4260	P68767	NP_418681.1	503	PF00883;PF02789		no	yes	RDBECOLITFC00131	W	INVERTED-REPEAT			unknown	no			Name=Mn(2+); Xref=ChEBI:CHEBI:29035; Evidence={ECO:0000250}; Note=Binds 2 manganese ions per subunit. {ECO:0000250};	Mn(2+)	Probably involved in the processing and regular turnover of intracellular proteins (PubMed:20067529). Catalyzes the removal of unsubstituted N-terminal amino acids from various peptides. Required for plasmid ColE1 site-specific recombination but not in its aminopeptidase activity. Could act as a structural component of the putative nucleoprotein complex in which the Xer recombination reaction takes place (PubMed:8057849). {ECO:0000269|PubMed:8057849, ECO:0000305|PubMed:20067529}.	3	3	3	0	3	3	14741201; 15049810; 2670557
PerR	perR	b0254	Q57083	NP_414788.1	297	PF00126;PF03466	LysR-type (LTTR)	yes	no						unknown	no					Apparent regulatory gene involved in peroxide resistance in stationary phase.	0	0	0	0	0	0	
PgrR	pgrR	b1328	P77333	NP_415844.1	299	PF00126;PF03466	LysR-type (LTTR)	yes	yes	RDBECOLITFC00136	W	INVERTED-REPEAT			unknown	no					Regulates the expression of genes involved in peptidoglycan (PG) degradation. Could play a role in switch control between recycling and degradation of PG peptides. Negatively regulates the expression of the ycjY-ymjD-ymjC-mpaA operon by binding to the PgrR-box. In addition, other genes are predicted to be under the control of PgrR, including genes related to membrane formation and function. {ECO:0000269|PubMed:23301696}.	6	1	1	0	9	9	10734204; 15556475; 23301696
PhnF	phnF	b4102	P16684	NP_418526.1	241	PF00392;PF07702	GntR	yes	no						unknown	no					Belongs to an operon involved in alkylphosphonate uptake and C-P lyase. Exact function not known. By similarity could be a transcriptional regulator.	0	0	0	0	0	0	
PhoB	phoB	b0399	P0AFJ5	NP_414933.1	229	PF00072;PF00486		no	yes	RDBECOLITFC00134	W	DIRECT-REPEAT			unknown	no					This protein is a positive regulator for the phosphate regulon. Transcription of this operon is positively regulated by PhoB and PhoR when phosphate is limited.	53	40	28	6	65	48	10986267; 3054125; 324866; 3537313; 6310121; 6343798; 7009567; 1482126; 2157156; 7699720; 7855419; 8098993
PhoP	phoP	b1130	P23836	NP_415648.1	223	PF00072;PF00486		no	yes	RDBECOLITFC00003	S	DIRECT-REPEAT	Mg2+	curated	metal	yes	Mg2+	two-component (PhoQ)			Member of the two-component regulatory system PhoP/PhoQ involved in adaptation to low Mg(2+) environments and the control of acid resistance genes. In low periplasmic Mg(2+), PhoQ phosphorylates PhoP, resulting in the expression of PhoP-activated genes (PAG) and repression of PhoP-repressed genes (PRG). In high periplasmic Mg(2+), PhoQ dephosphorylates phospho-PhoP, resulting in the repression of PAG and may lead to expression of some PRG (By similarity). Mediates magnesium influx to the cytosol by activation of MgtA. Promotes expression of the two-component regulatory system rstA/rstB and transcription of the hemL, mgrB, nagA, slyB, vboR and yrbL genes. {ECO:0000250, ECO:0000269|PubMed:10464230}.	47	42	24	0	60	25	10464230; 12813061; 1530848; 15703297; 1729240
PlaR	plaR	b3574	P37671	NP_418031.1	282	PF09339;PF01614		no	yes	RDBECOLITFC00137	W	INVERTED-REPEAT			unknown	no					Transcription factor involved in the utilization of L-ascorbate (PubMed:30137486, PubMed:31892694). Negatively controls the transcription of the yiaKLMNOPQRS (yiaK-S or yiaK-yiaL-yiaM-yiaN-yiaO-lyxK-sgbH-sgbU-sgbE) operon, which is involved in the L-ascorbate degradation pathway (PubMed:10913096, PubMed:30137486). It may repress the ascorbate utilization pathway, therefore regulating the level of D-xylulose-5-phosphate that feeds into the pentose phosphate pathway (PubMed:30137486). It is involved in the utilization of plant-derived materials as nutrients for survival, including ascorbate from fruits and galacturonate from plant pectin (PubMed:31892694). In addition, the targets include genes involved in the utilization of other plant-derived materials as nutrients such as fructose, sorbitol, glycerol and fructoselysine (PubMed:31892694). Acts by binding to specific DNA sequences (PlaR-box) in the promoter regions of target operons, repressing their transcription (PubMed:10913096, PubMed:31892694). {ECO:0000269|PubMed:10913096, ECO:0000269|PubMed:30137486, ECO:0000269|PubMed:31892694}.	6	6	6	0	14	14	10913096; 30137486; 9525947
PrpR	prpR	b0330	P77743	NP_414864.1	528	PF25601;PF02954;PF06506;PF00158		no	yes	RDBECOLITFC00014	W		(2S,3S)-2-methylcitrate	RegulonDB	organic	no		direct		ATP	Involved in the transcriptional regulation of the propionate catabolism operon.	4	4	0	0	5	0	15805526
PspF	pspF	b1303	P37344	NP_415819.4	325	PF25601;PF02954;PF00158		no	yes	RDBECOLITFC00042	W	INVERTED-REPEAT			unknown	no				ATP	Transcriptional activator for the phage shock protein (psp) operon (pspABCDE) and pspG gene. {ECO:0000269|PubMed:15485810, ECO:0000269|PubMed:19804784, ECO:0000269|PubMed:8606168}.	5	5	5	0	8	8	15485810; 8606168; 9260970; 9302010; 9878422
PtrR	ptrR	b1526	P77309	NP_416043.1	293	PF00126;PF03466	LysR-type (LTTR)	yes	yes	RDBECOLITFC00146	W	INVERTED-REPEAT	L-glutamine; L-glutamate; 4-aminobutanoate	RegulonDB	organic	no		direct				8	1	0	1	13	3	10734204; 15556475; 24391520; 35835781
PunR	punR	b1659	P0ACR2	NP_416176.1	310	PF00126;PF03466	LysR-type (LTTR)	yes	yes	RDBECOLITFC00214	W	INVERTED-REPEAT			unknown	no					Transcriptional regulator that activates the expression of punC, which encodes a purine nucleoside transporter (PubMed:34413462). In the presence of adenine, it binds to a conserved 23-bp palindromic motif in the intergenic region between punR and punC (PubMed:34413462). {ECO:0000269|PubMed:34413462}.	1	1	1	0	1	1	11566977; 15556475; 34413462; 9022701
PurR	purR	b1658	P0ACP7	NP_416175.1	341	PF00356;PF13377		no	yes	RDBECOLITFC00150	S		hypoxanthine	RegulonDB	organic	no		direct		hypoxanthine	Is the main repressor of the genes involved in the de novo synthesis of purine nucleotides, regulating purB, purC, purEK, purF, purHD, purL, purMN and guaBA expression. In addition, it participates in the regulation or coregulation of genes involved in de novo pyrimidine nucleotide biosynthesis, salvage and uptake (pyrC, pyrD, carAB and codBA), and of several genes encoding enzymes necessary for nucleotide and polyamine biosynthesis (prsA, glyA, gcvTHP, speA, glnB). Binds to a 16-bp palindromic sequence located within the promoter region of pur regulon genes. The consensus binding sequence is 5'-ACGCAAACGTTTTCNT-3'. PurR is allosterically activated to bind its cognate DNA by binding the purine corepressors, hypoxanthine or guanine, thereby effecting transcription repression. {ECO:0000269|PubMed:1400170, ECO:0000269|PubMed:14741201, ECO:0000269|PubMed:2211500, ECO:0000269|PubMed:2404765}.	23	23	21	0	32	27	12598694; 1729205; 1971620; 3058704; 8106311
PutA	putA	b1014	P09546	NP_415534.1	1320	PF00171;PF01619;PF14850;PF18327;PF21775		no	yes	RDBECOLITFC00191	None	ASYMMETRIC			unknown	no			Name=FAD; Xref=ChEBI:CHEBI:57692; Evidence={ECO:0000269|PubMed:12009917, ECO:0000269|PubMed:12514740, ECO:0000269|PubMed:15449943};	FAD;L-proline	Oxidizes proline to glutamate for use as a carbon and nitrogen source (PubMed:12009917, PubMed:15449943, PubMed:1618807). Also functions as a transcriptional repressor of the put operon (PubMed:12514740, PubMed:15449943, PubMed:1618807, PubMed:17001030). {ECO:0000269|PubMed:12009917, ECO:0000269|PubMed:12514740, ECO:0000269|PubMed:15449943, ECO:0000269|PubMed:1618807, ECO:0000269|PubMed:17001030}.	5	5	5	0	2	2	11294639
PuuR	puuR	b1299	P0A9U6	NP_415815.1	185	PF07883;PF01381		no	yes	RDBECOLITFC00019	W	INVERTED-REPEAT	putrescine	RegulonDB	organic	no		direct			Represses puuA, puuD and puuP. {ECO:0000269|PubMed:15590624, ECO:0000269|PubMed:20639325}.	8	8	8	0	8	8	15556475; 15590624; 40178519
PyrR	pyrR	b2381	P0AE39	NP_416882.1	244	PF04397;PF00072		no	yes	RDBECOLITFC00216	None		pyruvate	RegulonDB	organic	no		direct			Member of the two-component regulatory system YpdA/YpdB, which is part of a nutrient-sensing regulatory network composed of YpdA/YpdB, the high-affinity pyruvate signaling system BtsS/BtsR and their respective target proteins, YhjX and BtsT. YpdB regulates expression of yhjX by binding to its promoter region. Activation of the YpdA/YpdB signaling cascade also promotes BtsS/BtsR-mediated btsT expression. {ECO:0000269|PubMed:23222720, ECO:0000269|PubMed:24659770}.	2	2	2	0	1	1	
QseB	qseB	b3025	P52076	NP_417497.1	219	PF00072;PF00486		no	yes	RDBECOLITFC00085	W	INVERTED-REPEAT			unknown	no					Member of a two-component regulatory system QseB/QseC. Activates the flagella regulon by activating transcription of FlhDC. Currently it is not known whether this effect is direct or not. {ECO:0000269|PubMed:11929534}.	9	7	5	0	14	3	11929534; 16194231
RacR	racR	b1356	P76062	NP_415874.1	158			no	yes	RDBECOLITFC00107	S	INVERTED-REPEAT			unknown	no					Transcriptional regulator that represses the expression of ydaS and ydaT under normal physiological conditions (PubMed:29205228, PubMed:29205229). It binds to its own upstream sequence and represses the adjacent and divergently coded ydaS-ydaT operon (PubMed:29205228). RacR-mediated down-regulation of ydaS and ydaT may be critical for cell survival (PubMed:29205229). RacR ensures that the prophage DNA is maintained in the genome (PubMed:38153127). When the expression of the racR gene is reduced, the prophage Rac is excised from the genome, possibly to counteract the lethal toxicity of YdaT (PubMed:38153127). {ECO:0000269|PubMed:29205228, ECO:0000269|PubMed:29205229, ECO:0000269|PubMed:38153127}.	4	4	4	0	6	6	10734204; 12886937; 15556475; 29205228; 29205229
RbsR	rbsR	b3753	P0ACQ0	NP_418209.1	330	PF00356;PF13377		no	yes	RDBECOLITFC00088	S	INVERTED-REPEAT	D-ribose	RegulonDB	organic	no		direct			Transcriptional repressor for the ribose rbsDACBK operon. RbsR binds to a region of perfect dyad symmetry spanning the rbs operon transcriptional start site. The affinity for the rbs operator is reduced by addition of ribose, consistent with ribose being the inducer of the operon.	4	4	4	0	12	12	1304370; 7686882; 1304369
RcdA	rcdA	b0846	P75811	NP_415367.1	178	PF17940;PF00440	TetR/AcrR	yes	yes	RDBECOLITFC00182	W	INVERTED-REPEAT	tris; trimethylamine N-oxide	RegulonDB	organic	no		direct			Regulates the expression of a number of genes involved in biofilm formation and stress response. Target genes include six stress-response transcriptional regulators: csgD, which is a master regulator of biofilm formation, appY, sxy, ycgF, fimB and rcdA itself. This indicates that a large number of genes must be regulated indirectly via these transcriptional regulators. Acts by binding to the upstream region of its target genes. {ECO:0000269|PubMed:23233451}.	18	15	15	0	14	14	15556475; 23233451; 34288132
RclR	rclR	b0305	P77379	NP_414839.1	284	PF12852;PF12833		no	yes	RDBECOLITFC00053	W	INVERTED-REPEAT			unknown	no					Involved in reactive chlorine species (RCS) stress resistance. Up-regulates, in response to hypochlorous acid (HOCl), the expression of three genes essential for survival of RCS stress (rclA, rclB and rclC) and its own expression. {ECO:0000269|PubMed:24078635}.	1	0	0	0	3	3	10734204; 15556475
RcnR	rcnR	b2105	P64530	NP_416608.1	90	PF02583	CsoR/FrmR	yes	yes	RDBECOLITFC00011	S	INVERTED-REPEAT	Co2+; Ni2+	RegulonDB	metal	yes	Co2+;Ni2+	direct			Repressor of rcnA expression. Acts by binding specifically to the rcnA promoter in the absence of nickel and cobalt. In the presence of one of these metals, it has a weaker affinity for rcnA promoter. {ECO:0000269|PubMed:16956381, ECO:0000269|PubMed:17120142}.	4	4	4	0	3	3	16956381; 17120142; 19703465; 18505253
RcsAB	rcsB;rcsA	b2217;b1951						no	yes	RDBECOLITFC00173	W	INVERTED-REPEAT			unknown	no						8	6	3	0	16	4	10702265; 12864862; 16000739; 1999391; 9882673; 1943696; 2404948; 8576059
RcsB	rcsB	b2217	P0DMC7	NP_416721.1	216	PF00196;PF00072		no	yes	RDBECOLITFC00222	S				unknown	no					Component of the Rcs signaling system, which controls transcription of numerous genes. RcsB is the response regulator that binds to regulatory DNA regions. Can function both in an RcsA-dependent or RcsA-independent manner. The system regulates expression of numerous genes, including genes involved in colanic acid capsule synthesis, biofilm formation, cell division and outer membrane proteins synthesis. Also involved, with GadE, in control of glutamate-dependent acid resistance, and, with BglJ, in derepression of the cryptic bgl operon. The RcsB-BglJ activity is probably independent of RcsB phosphorylation. {ECO:0000255|HAMAP-Rule:MF_00981, ECO:0000269|PubMed:10702265, ECO:0000269|PubMed:11309126, ECO:0000269|PubMed:11566985, ECO:0000269|PubMed:13129944, ECO:0000269|PubMed:1597415, ECO:0000269|PubMed:20189963, ECO:0000269|PubMed:20952573}.	19	12	8	0	26	14	
RcsB-BglJ	bglJ;rcsB	b4366;b2217						no	yes	RDBECOLITFC00153	S	ASYMMETRIC			unknown	no						12	12	3	0	16	4	20952573
RelB	relB	b1564	P0C079	NP_416082.1	79	PF04221		no	yes	RDBECOLITFC00151	S	INVERTED-REPEAT			unknown	no					Antitoxin component of a type II toxin-antitoxin (TA) system. Counteracts the effect of cognate toxin RelE via direct protein-protein interaction, preventing RelE from entering the ribosome A site and thus inhibiting its endoribonuclease activity. An autorepressor of relBE operon transcription. 2 RelB dimers bind to 2 operator sequences; DNA-binding and repression is stronger when complexed with toxin/corepressor RelE by conditional cooperativity (PubMed:18501926, PubMed:22981948). Increased transcription rate of relBE and activation of relE is consistent with a lower level of RelB in starved cells due to degradation of RelB by protease Lon. {ECO:0000269|PubMed:11274135, ECO:0000269|PubMed:11717402, ECO:0000269|PubMed:12123459, ECO:0000269|PubMed:18501926, ECO:0000269|PubMed:18532983, ECO:0000269|PubMed:19707553, ECO:0000269|PubMed:19747491, ECO:0000269|PubMed:22210768, ECO:0000269|PubMed:22981948, ECO:0000269|PubMed:9767574}.; Seems to be a principal mediator of cell death in liquid media. {ECO:0000269|PubMed:19707553}.	2	2	2	0	3	3	10501926; 35853597; 18501926
RelBE	relB;relE	b1564;b1563						no	yes	RDBECOLITFC00161	S	INVERTED-REPEAT			unknown	no						4	4	4	0	3	3	18501926
RhaR	rhaR	b3906	P09378	NP_418342.2	282	PF02311;PF12833		no	yes	RDBECOLITFC00122	W		L-rhamnose	RegulonDB	organic	no		direct			Activates expression of the rhaSR operon in response to L-rhamnose. {ECO:0000255|HAMAP-Rule:MF_01533, ECO:0000269|PubMed:8230210, ECO:0000269|PubMed:8757746}.	4	4	4	0	2	2	10464186; 17513476
RhaS	rhaS	b3905	P09377	NP_418341.1	278	PF02311;PF12833		no	yes	RDBECOLITFC00034	W	ASYMMETRIC	L-rhamnose	RegulonDB	organic	no		direct			Activates expression of the rhaBAD and rhaT operons. {ECO:0000255|HAMAP-Rule:MF_01534, ECO:0000269|PubMed:8230210, ECO:0000269|PubMed:8757746}.	11	11	11	0	6	6	3316663; 8230210; 8346018; 10464186; 10940041; 15342598; 17513476; 18366439
Rob	rob	b4396	P0ACI0	NP_418813.1	289	PF06445;PF12833		no	yes	RDBECOLITFC00126	W	ASYMMETRIC			unknown	no					Transcriptional regulator (By similarity). Binds to the right arm of the replication origin oriC of the chromosome (PubMed:8449900). Rob binding may influence the formation of the nucleoprotein structure, required for oriC function in the initiation of replication (PubMed:8449900). {ECO:0000250|UniProtKB:Q8ZJU7, ECO:0000269|PubMed:8449900}.	43	22	7	0	53	10	7896685; 8449900
RpoN	rpoN	b3202	P24255	NP_417669.1	477	PF00309;PF04963;PF04552		no	yes	RDBECOLITFC00176	None	INVERTED-REPEAT			unknown	no					Sigma factors are initiation factors that promote the attachment of RNA polymerase to specific initiation sites and are then released. This sigma factor is responsible for the expression of enzymes involved in arginine catabolism. The open complex (sigma-54 and core RNA polymerase) serves as the receptor for the receipt of the melting signal from the remotely bound activator protein GlnG(NtrC).	6	0	0	0	6	5	26425847
RstA	rstA	b1608	P52108	NP_416125.2	239	PF00072;PF00486		no	yes	RDBECOLITFC00212	W				unknown	no					Member of the two-component regulatory system RstB/RstA.	9	9	6	0	10	5	12618449; 12813061
RtcR	rtcR	b3422	P38035	NP_417880.1	532	PF25601;PF06956;PF29400;PF00158		no	yes	RDBECOLITFC00226	W	INVERTED-REPEAT			unknown	no				ATP	Transcriptional repressor of the rtcAB genes. Interacts with sigma-54. {ECO:0000269|PubMed:9738023}.	1	0	0	0	2	0	9738023
RutR	rutR	b1013	P0ACU2	NP_415533.1	212	PF08362;PF00440	TetR/AcrR	yes	yes	RDBECOLITFC00081	S	INVERTED-REPEAT	thymine; uracil	RegulonDB	organic	no		direct			Master transcription regulator which represses the degradation of pyrimidines (rutABCDEFG) and purines (gcl operon) for maintenance of metabolic balance between pyrimidines and purines. It also regulates the synthesis of pyrimidine nucleotides and arginine from glutamine (carAB) and the supply of glutamate (gadABWX). {ECO:0000269|PubMed:16540542, ECO:0000269|PubMed:17919280}.	7	6	6	0	17	16	15556475; 16540542; 17919280; 20472642
SdiA	sdiA	b1916	P07026	NP_416426.1	240	PF03472;PF00196		no	yes	RDBECOLITFC00194	W	INVERTED-REPEAT			unknown	no				1-octanoylglycerol;an N-acyl-L-homoserine lactone	Activates cell division by specifically increasing transcription from one of the two promoters that lie immediately upstream of the ftsQAZ gene cluster (PubMed:1915297). However, others report that expression of ftsQAZ is unaffected by the chromosomal sdiA gene (PubMed:20126629). Activates target genes in response to extracellular N-acyl homoserine lactones (AHL), also known as autoinducers (PubMed:18560382, PubMed:20126629, PubMed:32582066). Binds to regulatory elements of target genes, including ftsQ P2 and uvrY promoter regions; DNA-binding affinity may be controlled by redox environment (PubMed:24598739). Autoinducer interaction may influence DNA-binding affinity, varying between different promoters (By similarity). Activates ydiV in response to autoinducer AI-1 (Vibrio fischeri autoinducer, N-acyl homoserine lactone oxoC6) (PubMed:18560382). Plays a role in regulation of the glutamate-dependent acid resistance system, AR-2, probably acting by activating gadW and gadY expression; expression of gadW is further enhanced by AHL (PubMed:20126629, PubMed:32582066). Role in biofilm formation is controversial, differing between groups (PubMed:17511876, PubMed:22610437, PubMed:38027585). Involved in negatively modulating biofilm formation, in response to indole and also to AHL (PubMed:17511876). Alternatively, may be involved in positively modulating biofilm formation, in an AHL-dependent manner (PubMed:38027585). However, it is also reported that SdiA plays no role in biofilm formation (PubMed:22610437). Not involved in conferring quinolone resistance, irrespective of the presence of N-hexanoyl-DL-homoserine lactone (C6) or oxoC6 (PubMed:20126629). Putative endogenous ligand, 1-octanoyl-rac-glycerol, may act as a chemical chaperone or placeholder in the absence of AHLs (By similarity). {ECO:0000250|UniProtKB:Q8XBD0, ECO:0000269|PubMed:17511876, ECO:0000269|PubMed:18560382, ECO:0000269|PubMed:1915297, ECO:0000269|PubMed:20126629, ECO:0000269|PubMed:22610437, ECO:0000269|PubMed:24598739, ECO:0000269|PubMed:32582066, ECO:0000269|PubMed:38027585}.	12	8	8	0	8	6	
SgrR	sgrR	b0069	P33595	NP_414611.1	551	PF00496;PF12793		no	yes	RDBECOLITFC00215	W	INVERTED-REPEAT			unknown	no					Activates the small RNA gene sgrS under glucose-phosphate stress conditions as well as yfdZ. Represses its own transcription under both stress and non-stress conditions; this repression likely provides one measure of control over sgrR at the level of synthesis. Might act as a sensor of the intracellular accumulation of phosphoglucose by binding these molecules in its C-terminal solute-binding domain. {ECO:0000269|PubMed:15522088, ECO:0000269|PubMed:17209026}.	4	4	4	0	9	9	15522088
SlmA	slmA	b3641	P0C093	NP_418098.4	198	PF22276;PF00440	TetR/AcrR	yes	no						unknown	no					Required for nucleoid occlusion (NO) phenomenon, which prevents Z-ring formation and cell division over the nucleoid. Acts as a DNA-associated cell division inhibitor that binds simultaneously chromosomal DNA and FtsZ, and disrupts the assembly of FtsZ polymers. SlmA-DNA-binding sequences (SBS) are dispersed on non-Ter regions of the chromosome, preventing FtsZ polymerization at these regions. {ECO:0000255|HAMAP-Rule:MF_01839, ECO:0000269|PubMed:15916962, ECO:0000269|PubMed:21113127, ECO:0000269|PubMed:21321206}.	0	0	0	0	0	0	
SlyA	slyA	b1642	P0A8W2	NP_416159.2	144	PF01047	MarR/SlyA	yes	yes	RDBECOLITFC00183	W	INVERTED-REPEAT			unknown	no					Transcription regulator that can specifically activate or repress expression of target genes. Activates expression of genes such as molecular chaperones (groL, groS, dnaK, grpE, and cbpA), proteins involved in acid resistance (hdeA, hdeB, and gadA), the starvation lipoprotein slp, virulence protein hlyE/clyA. Represses expression of genes involved in the histidine biosynthetic pathway such as hisA, hisB, hisD, hisF and hisG. Required for the activation of virulence genes. {ECO:0000255|HAMAP-Rule:MF_01819, ECO:0000269|PubMed:11053378, ECO:0000269|PubMed:12057949, ECO:0000269|PubMed:8861216}.	25	23	20	0	48	47	10027972; 12057949; 14996792; 32849447
SoxR	soxR	b4063	P0ACS2	NP_418487.1	154	PF00376;PF09278	MerR	yes	yes	RDBECOLITFC00132	S	INVERTED-REPEAT	superoxide / redox-cycling agents	curated	redox	no		direct ([2Fe-2S] oxidation)		[2Fe-2S] cluster	Activates the transcription of the soxS gene which itself controls the superoxide response regulon. SoxR contains a 2Fe-2S iron-sulfur cluster that may act as a redox sensor system that recognizes superoxide. The variable redox state of the Fe-S cluster is employed in vivo to modulate the transcriptional activity of SoxR in response to specific types of oxidative stress. Upon reduction of 2Fe-2S cluster, SoxR reversibly loses its transcriptional activity, but retains its DNA binding affinity.	8	7	2	5	8	8	11470373; 7673113; 1400156; 1653416; 1708380
SoxS	soxS	b4062	P0A9E2	NP_418486.1	107	PF12833		no	yes	RDBECOLITFC00095	W	ASYMMETRIC			unknown	no					Transcriptional activator of the superoxide response regulon of E.coli that includes at least 10 genes such as sodA, nfo, zwf and micF. Binds the DNA sequence 5'-GCACN(7)CAA-3'. It also facilitates the subsequent binding of RNA polymerase to the micF and the nfo promoters.	50	47	27	4	54	35	1653416; 1708380; 7891555; 7896696; 8034583; 8226698; 8265357
SrlR	srlR	b2707	P15082	NP_417187.1	257	PF00455;PF08220		no	yes	RDBECOLITFC00089	W	INVERTED-REPEAT	D-sorbitol	RegulonDB	organic	no		direct				1	0	0	0	7	0	3062173; 31608580
SrsR	srsR	b2921	P52044	NP_417396.4	298	PF00126;PF03466	LysR-type (LTTR)	yes	yes	RDBECOLITFC00024	W	INVERTED-REPEAT			unknown	no						21	21	16	1	38	34	10734204; 15556475
StpA	stpA	b2669	P0ACG1	NP_417155.1	134	PF00816;PF22470		no	yes	RDBECOLITFC00061	W	INVERTED-REPEAT			unknown	no					A DNA-binding protein that acts in a fashion similar to H-NS protein upon overexpression, represses a number of genes including the cryptic blg operon, hns, papB and the proU locus (PubMed:8890170). A subset of H-NS/StpA-regulated genes also require Hha for repression; Hha and Cnu (YdgT) increases the number of genes DNA bound by H-NS/StpA and may also modulate the oligomerization of the H-NS/StpA-complex (PubMed:23543115). Repression can be inhibited by dominant-negative mutants of StpA or H-NS (PubMed:8755860). {ECO:0000269|PubMed:23543115, ECO:0000269|PubMed:8755860, ECO:0000269|PubMed:8890170}.; (Microbial infection) Originally isolated as a suppressor of a splicing defect of the thymidylate synthase (td) gene from bacteriophage T4 (PubMed:1480493). Acts as an RNA chaperone, accelerating splicing of viral pre-mRNA. Binds preferentially to unstructured over structured RNA; does not have a detectable high-affinity RNA-binding site in the pre-mRNA. There do not seem to be any specific RNA targets in transcribed E.coli DNA (PubMed:17267410). {ECO:0000269|PubMed:1480493, ECO:0000269|PubMed:17267410}.	9	1	1	0	21	9	
SutR	sutR	b1434	P77626	NP_415951.1	178	PF07883;PF01381		no	yes	RDBECOLITFC00082	S	INVERTED-REPEAT			unknown	no					Regulates the expression of 12-16 transcription units involved in various steps of sulfur utilization. Represses expression of pfkB, fliZ, cysE, ydcO and its own expression. Activates expression of ypfN. Acts by binding to SutR boxes. {ECO:0000269|PubMed:25406449}.	7	3	3	0	8	6	10734204; 15556475; 24391520; 25406449
TdcA	tdcA	b3118	P0ACQ7	NP_417588.1	312	PF00126;PF03466	LysR-type (LTTR)	yes	yes	RDBECOLITFC00028	W	INVERTED-REPEAT			unknown	no					Transcriptional activator for the tdcABCDE operon. {ECO:0000269|PubMed:8413189}.	1	1	1	0	7	7	2660107; 3003533; 7928991; 8413189; 8413267
TdcR	tdcR	b3119	P11866	NP_417589.4	72			no	yes	RDBECOLITFC00179	W	INVERTED-REPEAT			unknown	no					Probable trans-acting positive activator for the tdc operon.	1	1	1	0	7	7	2573820; 2660107; 7928991
TorR	torR	b0995	P38684	NP_415515.1	230	PF00072;PF00486		no	yes	RDBECOLITFC00006	W				unknown	no					Member of the two-component regulatory system TorS/TorR involved in the anaerobic utilization of trimethylamine-N-oxide (TMAO). Phosphorylated TorR activates the transcription of the torCAD operon by binding to four decameric boxes located in the torCAD promoter. Box1, 2 and 4 contain the DNA sequence 5'-CTGTTCATAT-3' and box3 contains the DNA sequence 5'-CCGTTCATCC-3'. Phosphorylated as well as unphosphorylated TorR negatively regulates its own expression by binding to box1 and 2.	27	17	9	0	21	8	12657056; 1482126; 2157156; 7699720; 8083154; 8098993; 8596446
TreR	treR	b4241	P36673	NP_418662.1	315	PF00356;PF13377		no	yes	RDBECOLITFC00231	W	INVERTED-REPEAT	D-trehalose 6-phosphate	RegulonDB	organic	no		direct		alpha,alpha-trehalose 6-phosphate	Repressor of the treBC operon. It is able to bind trehalose-6-phosphate and trehalose. {ECO:0000269|PubMed:7608078, ECO:0000269|PubMed:9148912}.	2	2	2	0	2	2	7608078; 9148912
TrpR	trpR	b4393	P0A881	NP_418810.1	108	PF01371		no	yes	RDBECOLITFC00116	S		L-tryptophan	RegulonDB	organic	no		direct			This protein is an aporepressor. When complexed with L-tryptophan it binds the operator region of the trp operon (5'-ACTAGT-'3') and prevents the initiation of transcription. The complex also regulates trp repressor biosynthesis by binding to its regulatory region.	10	10	10	0	12	12	3315853; 8613990
TyrR	tyrR	b1323	P07604	NP_415839.1	513	PF25601;PF18024;PF13188;PF00158		no	yes	RDBECOLITFC00030	S	INVERTED-REPEAT	L-tyrosine; L-phenylalanine	RegulonDB	organic	no		direct		ATP	Dual transcriptional regulator of the TyrR regulon, which includes a number of genes coding for proteins involved in the biosynthesis or transport of the three aromatic amino acids, phenylalanine, tyrosine and tryptophan (PubMed:14614536, PubMed:15049824, PubMed:1860819, PubMed:334742, PubMed:4399341, PubMed:4887504, PubMed:7798138, PubMed:7961453, PubMed:8449883). These three aromatic amino acids act as effectors which bind to the TyrR protein to form an active regulatory protein (PubMed:1860819, PubMed:334742, PubMed:4399341, PubMed:7961453, PubMed:8106498). Modulates the expression of at least eight unlinked transcription units, including aroF, aroG, aroLM, aroP, mtr, tyrA, tyrB and tyrP (PubMed:14614536, PubMed:15049824, PubMed:1860819, PubMed:334742, PubMed:4399341, PubMed:4887504, PubMed:7798138, PubMed:7961453, PubMed:8449883). In most cases TyrR acts as a repressor, but positive effects have been observed on the tyrP gene, which is repressed in the presence of tyrosine and activated at high phenylalanine concentrations (PubMed:15049824, PubMed:1860819, PubMed:334742, PubMed:7798138, PubMed:8407813, PubMed:8449883). Is also involved in activation, but not repression, of mtr expression in association with phenylalanine or tyrosine (PubMed:2061290, PubMed:8407813, PubMed:8449883). Acts by binding specifically to TyrR boxes in the promoter region of the target genes (PubMed:10197993, PubMed:1860819, PubMed:7961453, PubMed:8449883, PubMed:8947567). {ECO:0000269|PubMed:10197993, ECO:0000269|PubMed:14614536, ECO:0000269|PubMed:15049824, ECO:0000269|PubMed:1860819, ECO:0000269|PubMed:2061290, ECO:0000269|PubMed:334742, ECO:0000269|PubMed:4399341, ECO:0000269|PubMed:4887504, ECO:0000269|PubMed:7798138, ECO:0000269|PubMed:7961453, ECO:0000269|PubMed:8106498, ECO:0000269|PubMed:8407813, ECO:0000269|PubMed:8449883, ECO:0000269|PubMed:8947567}.	22	22	20	0	12	11	15049824; 4887504; 1943694; 3001057; 8106498; 8444880; 8449883; 7961453; 1970563
UhpA	uhpA	b3669	P0AGA6	NP_418125.1	196	PF00196;PF00072		no	yes	RDBECOLITFC00159	W				unknown	no					Part of the UhpABC signaling cascade that controls the expression of the hexose phosphate transporter UhpT. Activates the transcription of the uhpT gene. Acts by binding specifically to the uhpT promoter region. {ECO:0000269|PubMed:3038843, ECO:0000269|PubMed:8999880}.	2	2	2	0	2	2	10512697; 10966457; 11976297; 7596290; 8999880
UidR	uidR	b1618	P0ACT6	NP_416135.1	196	PF00440	TetR/AcrR	yes	yes	RDBECOLITFC00228	W	INVERTED-REPEAT			unknown	no					Repressor for the uidRABC (gusRABC) operon.	2	1	0	0	4	0	2823062; 3079718; 3934044; 6276362; 776933; 776934
UlaR	ulaR	b4191	P0A9W0	NP_418612.1	251	PF00455;PF08220		no	yes	RDBECOLITFC00193	W	INVERTED-REPEAT	L-ascorbate 6-phosphate	RegulonDB	organic	no		direct			Represses ulaG and the ulaABCDEF operon. Two ulaR binding sites have been identified in each promoter. Full activity requires simultaneous interaction of UlaR with both divergent promoters and seems to be dependent on repressor-mediated DNA loop formation, which is helped by the action of integration host factor. {ECO:0000269|PubMed:12374842, ECO:0000269|PubMed:12644495, ECO:0000269|PubMed:14996803}.	4	4	4	0	7	7	12374842; 18844374
UvrY	uvrY	b1914	P0AED5	NP_416424.1	218	PF00196;PF00072		no	yes	RDBECOLITFC00035	S				unknown	no					Member of the two-component regulatory system UvrY/BarA involved in the regulation of carbon metabolism via the CsrA/CsrB regulatory system (PubMed:12193630, PubMed:12533459). UvrY activates the transcription of the untranslated csrB RNA and of barA, in an autoregulatory loop. Mediates the effects of CsrA on csrB RNA by BarA-dependent and BarA-independent mechanisms (PubMed:12193630). {ECO:0000269|PubMed:12193630, ECO:0000269|PubMed:12533459}.	5	2	2	0	6	6	
UxuR	uxuR	b4324	P39161	NP_418744.1	257	PF07729;PF00392	GntR	yes	yes	RDBECOLITFC00208	W	INVERTED-REPEAT	α-D-glucuronate; α-D-galacturonate; D-fructuronate	RegulonDB	organic	no		direct			Repressor for the uxuRBA operon.	12	11	5	0	11	5	2823062; 3083215; 3079718; 6281232
XapR	xapR	b2405	P23841	NP_416900.1	294	PF00126;PF03466	LysR-type (LTTR)	yes	yes	RDBECOLITFC00119	W		xanthosine	RegulonDB	organic	no		direct			Positive regulator required for the expression of xapA and xapB. Binds to the inducer xanthosine.	4	4	0	0	2	0	2201776; 7559336
XylR	xylR	b3569	P0ACI3	NP_418026.1	392	PF12833;PF22177;PF13377		no	yes	RDBECOLITFC00127	W		α-D-xylopyranose	RegulonDB	organic	no		direct			Regulatory protein for the xylBAFGHR operon.	8	8	8	0	9	9	26527647; 9371449
XynR	xynR	b0272	P77300	NP_414806.1	252	PF09339;PF01614		no	yes	RDBECOLITFC00225	S		D-xylonate	RegulonDB	organic	no		direct			Involved in regulation of xylonate catabolism. Represses the expression of both yagA and yagEF operons. Binds mainly at a single site within the spacer of the bidirectional transcription units yagA and yagEF. {ECO:0000269|PubMed:29087459}.	2	2	2	0	5	5	
YafC	yafC	b0208	P30864	NP_414744.1	304	PF00126;PF03466	LysR-type (LTTR)	yes	yes	RDBECOLITFC00001	W	INVERTED-REPEAT			unknown	no						1	0	0	0	1	0	15556475; 30137486
YahB	yahB	b0316	P77700	NP_414850.1	310	PF00126;PF03466	LysR-type (LTTR)	yes	no						unknown	no						0	0	0	0	0	0	
YbeF	ybeF	b0629	P30979	NP_415162.4	317	PF00126;PF03466	LysR-type (LTTR)	yes	no						unknown	no						0	0	0	0	0	0	
YbhD	ybhD	b0768	P52696	NP_415289.4	317	PF00126;PF03466	LysR-type (LTTR)	yes	no						unknown	no						0	0	0	0	0	0	
YcaN	ycaN	b0900	P75836	NP_415420.1	302	PF00126;PF03466	LysR-type (LTTR)	yes	no						unknown	no						0	0	0	0	0	0	
YciT	yciT	b1284	P76034	NP_415800.1	249	PF00455;PF08220		no	yes	RDBECOLITFC00185	W	INVERTED-REPEAT			unknown	no						4	4	0	4	4	0	10734204; 15556475; 16451192
YcjW	ycjW	b1320	P77615	NP_415836.1	332	PF00356;PF00532		no	yes	RDBECOLITFC00184	W	INVERTED-REPEAT			unknown	no					Transcriptional regulator that represses the expression of genes involved in carbohydrate metabolism (PubMed:31253770). Binds DNA near ycjM and ycjU and regulates expression of the operon ycjMNOPQRSTUV-ompG (PubMed:31253770). {ECO:0000269|PubMed:31253770}.	1	1	1	0	12	12	10734204; 15556475; 24391520; 31253770
YdaT	ydaT	b1358	P76064	NP_415876.1	140	PF06254		no	yes	RDBECOLITFC00046	W				unknown	no					Transcriptional regulator that causes a severe detrimental growth effect and reduces cell viability (PubMed:38153127). When expressed, it alters expression of a variety of bacterial regulons normally controlled by the transcriptional regulatory protein RcsA, resulting in deficient lipopolysaccharide biosynthesis and cell division (PubMed:38153127). YdaT has no effect on Rac prophage excision (PubMed:38153127). Overexpression of ydaST reduces growth and leads to loss of cell viability (PubMed:29205228). May contribute to toxicity and morphological defects (PubMed:29205229). {ECO:0000269|PubMed:29205228, ECO:0000269|PubMed:29205229, ECO:0000269|PubMed:38153127}.	1	0	0	0	1	0	12886937; 29205229; 31372643
YdcI	ydcI	b1422	P77171	NP_415939.2	307	PF00126;PF03466	LysR-type (LTTR)	yes	yes	RDBECOLITFC00241	S	INVERTED-REPEAT			unknown	no					Transcription factor involved in pH homeostasis and acetate metabolism (PubMed:30137486). It is required to maintain physiological activity at acidic/alkaline conditions (PubMed:30137486). It is also involved in regulating the carbon flux in the TCA cycle (PubMed:30137486). It affects, direct or indirectly, the expression of about 60 genes (PubMed:32419108). The vast majority (almost all) of the genes of the YdcI regulon in both log and stationary are small genes (less than 800 bp) encoding small proteins, sRNA or pseudogenes (PubMed:32419108). The transcriptional factor binding sites (TFBS) of YdcI enclose AT-rich inverted repeats separated by 7-nt (PubMed:30137486). {ECO:0000269|PubMed:30137486, ECO:0000269|PubMed:32419108}.	4	0	0	0	5	0	10734204; 15556475; 24962596; 30137486
YdcR	ydcR	b1439	P77730	NP_415956.1	468	PF00155;PF00392	GntR	yes	no						unknown	no						0	0	0	0	0	0	
YdeO	ydeO	b1499	P76135	NP_416016.1	253	PF30437;PF12833		no	yes	RDBECOLITFC00157	S	INVERTED-REPEAT			unknown	no					Induces the expression of gadE and mdtEF. Could also regulate the expression of other genes involved in acid resistance. {ECO:0000269|PubMed:12694615}.	13	9	9	0	24	20	12399493; 12694615; 15489450; 20603130; 25375160; 9409145
YdfH	rspR	b1540	P0ACM2	NP_416058.1	228	PF07729;PF00392	GntR	yes	yes	RDBECOLITFC00155	S	INVERTED-REPEAT			unknown	no					Repressor of the rspAB operon. Acts by binding directly to the upstream region of rspA. {ECO:0000269|PubMed:22972332}.	1	1	1	0	2	2	10734204; 15556475; 22972332
YdiP	ydiP	b1696	P77402	NP_416211.1	303	PF07883;PF12833		no	yes	RDBECOLITFC00156	W	INVERTED-REPEAT			unknown	no						2	0	0	0	2	0	10734204; 15556475; 24391520
YebK	yebK	b1853	P46118	NP_416367.1	289	PF01418;PF01380		no	yes	RDBECOLITFC00219	S	INVERTED-REPEAT	2-dehydro-3-deoxy-D-gluconate 6-phosphate	RegulonDB	organic	no		direct			Represses the expression of the hex regulon (zwf, eda, glp and gap). {ECO:0000250}.	1	0	0	0	1	1	10734204; 15556475; 21849503; 26121029
YeeY	yeeY	b2015	P76369	NP_416519.4	309	PF00126;PF03466	LysR-type (LTTR)	yes	no						unknown	no						0	0	0	0	0	0	
YefM	yefM	b2017	P69346	NP_416521.2	83	PF02604		no	yes	RDBECOLITFC00056	W	INVERTED-REPEAT			unknown	no					Antitoxin component of a type II toxin-antitoxin (TA) system. Antitoxin that counteracts the effect of the YoeB toxin. YefM binds to the promoter region of the yefM-yeoB operon to repress transcription, YeoB acts as a corepressor. {ECO:0000269|PubMed:14672926, ECO:0000269|PubMed:15009896, ECO:0000269|PubMed:17170003, ECO:0000269|PubMed:19028895}.	2	2	2	0	2	2	17170003
YefMB	yoeB;yefM	b4539;b2017						no	yes	RDBECOLITFC00168	W	INVERTED-REPEAT			unknown	no						2	2	2	0	2	2	17170003
YegW	yegW	b2101	P0ACM5	NP_416604.1	248	PF00392;PF07702	GntR	yes	yes	RDBECOLITFC00239	W	INVERTED-REPEAT	ADP-α-D-glucose	RegulonDB	organic	no		direct			Transcriptional regulator that regulates glycogen accumulation in response to the amount of glucose available to the cell (PubMed:38257942). Acts as a repressor of the yegTUV operon, which may be involved in glycogen accumulation (PubMed:38257942). Binds at two adjacent sites within the yegTUV upstream region (PubMed:38257942). {ECO:0000269|PubMed:38257942}.	1	0	0	0	3	0	15556475
YeiE	yeiE	b2157	P0ACR4	NP_416662.1	293	PF00126;PF03466	LysR-type (LTTR)	yes	yes	RDBECOLITFC00139	W	INVERTED-REPEAT			unknown	no					Transcription factor, which is probably involved in maintaining iron homeostasis under iron-limited conditions (PubMed:30137486). It shows over 100 binding sites across the E.coli K12 MG1655 genome (PubMed:30137486). Target genes are involved in diverse biological processes, including transport and metabolism, cell wall/membrane biogenesis, signal transduction and transcriptional regulation, suggesting that YeiE may play multiple biological roles (PubMed:30137486). It may function as a positive regulator of lysP expression, leading to the increase of lysine uptake (PubMed:12400704). {ECO:0000269|PubMed:12400704, ECO:0000269|PubMed:30137486}.	15	0	0	0	15	0	10734204; 12400704; 15556475; 30137486
YeiL	yeiL	b2163	P0A9E9	NP_416668.3	219	PF00027		no	yes	RDBECOLITFC00025	W	INVERTED-REPEAT			unknown	no			Name=[4Fe-4S] cluster; Xref=ChEBI:CHEBI:49883; Evidence={ECO:0000305|PubMed:11101674}; Note=Binds 1 [4Fe-4S] cluster per subunit. {ECO:0000305|PubMed:11101674};	[4Fe-4S] cluster	Transcription regulator involved in mid-term, stationary-phase viability under nitrogen starvation. Might control expression of the salvage pathways or in some other way repress the recycling of nucleobases to nucleic acids and enhance their use as general nitrogen sources during nitrogen-limited growth. {ECO:0000269|PubMed:11101674}.	1	0	0	0	1	0	11101674; 9278503
YfeC	yfeC	b2398	P0AD37	NP_416897.2	114	PF07037		no	yes	RDBECOLITFC00097	W	INVERTED-REPEAT			unknown	no						6	6	0	6	6	0	15556475
YfeR	yfeR	b2409	P0ACR7	NP_416904.1	308	PF00126;PF03466	LysR-type (LTTR)	yes	no						unknown	no						0	0	0	0	0	0	
YfiE	yfiE	b2577	P33634	NP_417072.4	293	PF00126;PF03466	LysR-type (LTTR)	yes	no						unknown	no						0	0	0	0	0	0	
YgaV	ygaV	b2667	P77295	NP_417153.1	99	PF01022	ArsR/SmtB	yes	yes	RDBECOLITFC00113	W	INVERTED-REPEAT			unknown	no					Transcriptional regulator that regulates large-scale gene expression in response to sulfide (PubMed:40005711). May act as a global regulator responsible for redox homeostasis (PubMed:40005711). It functions as both a repressor and an activator (PubMed:36552568, PubMed:40005711). In the absence of sulfide compounds, it negatively regulates many anaerobic respiratory genes, including formate, fumarate, lactate, nitrate and nitrite reductase genes (PubMed:36552568). In the presence of hydrogen sulfide (H(2)S), YgaV activity is attenuated, leading to the expression of anaerobic respiratory and ROS scavenging genes, which contributes to redox homeostasis, reactive oxygen species (ROS) scavenging and antibiotic tolerance (PubMed:36552568). It responds to H(2)O(2) scavenging and increases antibiotic tolerance under H(2)S-atmospheric conditions (PubMed:36552568). It also negatively regulates its own expression by binding to the ygaVP promoter region (PubMed:18245262, PubMed:36552568). May also be involved in regulatory mechanisms that operate independently of sulfide (PubMed:40005711). {ECO:0000269|PubMed:18245262, ECO:0000269|PubMed:36552568, ECO:0000269|PubMed:40005711}.	4	0	0	0	4	0	15556475; 18245262
YgbI	ygbI	b2735	P52598	NP_417215.2	255	PF00455;PF08220		no	yes	RDBECOLITFC00106	W	INVERTED-REPEAT			unknown	no						1	1	0	1	2	0	10734204; 15556475
YgiV	ygiV	b3023	Q46866		160	PF06445		no	yes	RDBECOLITFC00073	W	INVERTED-REPEAT			unknown	no					Represses expression of mcbR. {ECO:0000269|PubMed:18309357}.	1	0	0	0	1	1	18309357
YhaJ	yhaJ	b3105	P67660	NP_417576.1	298	PF00126;PF03466	LysR-type (LTTR)	yes	yes	RDBECOLITFC00120	S	INVERTED-REPEAT			unknown	no					Positive regulator, may be partially responsible for expression of neighboring gene dlsT (yhaO) (By similarity). {ECO:0000250|UniProtKB:P67661}.	7	0	0	0	8	7	10734204; 15556475; 27713734
YhjC	yhjC	b3521	P37641	NP_417978.2	299	PF00126;PF03466	LysR-type (LTTR)	yes	no						unknown	no						0	0	0	0	0	0	
YiaU	yiaU	b3585	P37682	NP_418042.1	324	PF00126;PF03466	LysR-type (LTTR)	yes	yes	RDBECOLITFC00020	W	INVERTED-REPEAT			unknown	no						5	5	2	3	6	3	10734204; 15556475
YidP	yidP	b3684	P31453	NP_418139.1	238	PF00392;PF07702	GntR	yes	no						unknown	no						0	0	0	0	0	0	
YidZ	yidZ	b3711	P31463	NP_418167.1	319	PF00126;PF03466	LysR-type (LTTR)	yes	yes	RDBECOLITFC00204	W	INVERTED-REPEAT			unknown	no					Involved in anaerobic NO protection.	4	4	0	4	4	0	10734204; 15546870; 15556475
YieP	yieP	b3755	P31475		230	PF07729;PF00392	GntR	yes	yes	RDBECOLITFC00057	W	INVERTED-REPEAT			unknown	no						7	0	0	0	7	0	15556475; 30137486; 33149261
YihL	yihL	b3872	P0ACM9	NP_418308.1	236	PF00392;PF07702	GntR	yes	no						unknown	no						0	0	0	0	0	0	
YjiR	yjiR	b4340	P39389	NP_418760.1	470	PF00155;PF00392	GntR	yes	no						unknown	no						0	0	0	0	0	0	
YjjQ	yjjQ	b4365	P0ADD7	NP_418785.1	241	PF00196		no	yes	RDBECOLITFC00199	W	INVERTED-REPEAT			unknown	no						7	7	2	0	10	3	15556475; 17846588; 26078445
YnfL	ynfL	b1595	P77559	NP_416112.1	297	PF00126;PF03466	LysR-type (LTTR)	yes	no						unknown	no						0	0	0	0	0	0	
YqhC	yqhC	b3010	Q46855	NP_417483.2	318	PF06719;PF12833		no	yes	RDBECOLITFC00055	S	INVERTED-REPEAT			unknown	no					Transcriptional regulator that positively regulates the expression of the yqhD-dkgA operon (PubMed:20543070, PubMed:20676725, PubMed:34248896). Acts by binding directly to the promoter region of yqhD (PubMed:20543070). {ECO:0000269|PubMed:20543070, ECO:0000269|PubMed:20676725, ECO:0000269|PubMed:34248896}.	2	2	2	0	2	2	10734204; 15556475; 20543070
ZntR	zntR	b3292	P0ACS5	NP_417751.1	141	PF13411	MerR	yes	yes	RDBECOLITFC00125	S		Zn2+	RegulonDB	metal	yes	Zn2+	direct		Zn(2+)	Zinc-responsive transcriptional regulator of zntA.	4	2	2	0	3	3	10048032; 10608803
ZraR	zraR	b4004	P14375	NP_418432.1	441	PF25601;PF02954;PF00072;PF00158		no	yes	RDBECOLITFC00047	S		Zn2+; Pb2+	curated	metal	yes	Pb2+;Zn2+	two-component (ZraS)		ATP	Part of the Zra signaling pathway, an envelope stress response (ESR) system composed of the periplasmic accessory protein ZraP, the histidine kinase ZraS and the transcriptional regulator ZraR (PubMed:26438879, PubMed:30389436). The ZraPSR system contributes to antibiotic resistance and is important for membrane integrity in the presence of membrane-targeting biocides (PubMed:30389436). ZraR is a member of the two-component regulatory system ZraS/ZraR (PubMed:11243806). When activated by ZraS, acts in conjunction with sigma-54 to regulate the expression of zraP in the presence of high Zn(2+) or Pb(2+) concentrations (PubMed:11243806). Also positively autoregulates the expression of the zraSR operon (PubMed:11243806). Binds to a region within the zraP-zraSR intergenic region that is characterized by two inverted repeats separated by a 14 bp spacer (PubMed:11243806). In addition, controls a regulon of genes of diverse functions that may be critical to maintain envelope integrity and cell survival under stressful conditions (PubMed:30389436). The system has no direct role in zinc or copper resistance (PubMed:26438879). {ECO:0000269|PubMed:11243806, ECO:0000269|PubMed:26438879, ECO:0000269|PubMed:30389436}.	28	21	4	17	28	21	11243806; 30389436
Zur	zur	b4046	P0AC51	NP_418470.4	171	PF01475	Fur	yes	yes	RDBECOLITFC00198	W		Zn2+	RegulonDB	metal	yes	Zn2+	direct			Acts as a negative controlling element, employing Zn(2+) as a cofactor to bind the operator of the repressed genes (znuACB).	5	5	3	0	7	4	10816566; 11523983; 9680209
